Workbook

Sheet Tie-Down Provision Workings
C1: Tie Down Provision Working Sheet (password: tiedown)
C3: Gravity Constant | D3: 9.81 | E3: m/s^2
C4: Longitudinal Design Force | D4: 4 | E4: G | F4: X
C5: Vertical Design Force | D5: 2 | E5: G | F5: Z
C6: Lateral Design Force | D6: 1.5 | E6: G | F6: Y
B8: Matrix 2 MCD(S) Tie-down Transportation Mode | P8: Fastener Installation Qty | T8: Longitudinal Fasteners Experienced Force (Individual) | W8: Longitudinal Fasteners Safety Factor (Idvl) | Z8: Vertical Fasteners Experienced Force (Individual) | AC8: Vertical Fasteners Safety Factor (Idvl) | AF8: Lateral Fasteners Experienced Force (Individual) | AI8: Lateral Fasteners Safety Factor (Idvl) | AL8: Fasteners Experienced Force (Individual) | AO8: Force Type | AR8: Fasteners Safety Factor (Idvl)
B9: No. | C9: Item | D9: Individual Weight (kg) | E9: Longitudinal (N) | F9: Vertical (N) | G9: Lateral (N) | H9: Fasterner Type | I9: Property Class | J9: Size | K9: X-Section Area | L9: Tensile Yield Strength (MPa) | M9: Shear Yield Strength (MPa) | N9: Tensile Yield Force (N) | O9: Shear Yield Force (N) | P9: Long. (pc) | Q9: Vert. (pc) | R9: Lateral (pc) | S9: Total (pc) | T9: Long. Tensile (N) | U9: Vert. Shear(N) | V9: Lateral Shear (N) | W9: Long. | X9: Vert. | Y9: Lateral | Z9: Long. Shear (N) | AA9: Vert. Tensile (N) | AB9: Lateral Shear (N) | AC9: Long. | AD9: Vert. | AE9: Lateral | AF9: Long. Shear (N) | AG9: Vert. Shear (N) | AH9: Lateral Tensile (N) | AI9: Long. | AJ9: Vert. | AK9: Lateral | AL9: Long. (N) | AM9: Vert. (N) | AN9: Lateral (N) | AO9: Long. | AP9: Vert. | AQ9: Lateral | AR9: Long. | AS9: Vert. | AT9: Lateral
B10: 1 | C10: Air-Con (IDU 1, 2) fastened to front wall | D10: 14 | E10: =D10*$D$3*$D$4 -> 549.36 | F10: =D10*$D$3*$D$5 -> 274.68 | G10: =D10*$D$3*$D$6 -> 206.01 | I10: 8.8 | J10: M6 | K10: =VLOOKUP(J10,'Fastener Data'!$E$3:$G$29,2,FALSE) -> 17.894 | L10: =VLOOKUP(I10,'Fastener Data'!$B$3:$C$18,2,FALSE) -> 640 | M10: =L10*0.5 -> 320 | N10: =K10*L10 -> 11452.16 | O10: =K10*M10 -> 5726.08 | P10: 6 | Q10: 0 | R10: 0 | S10: =SUM(P10:R10) -> 6 | T10: =IF(P10=0,"0",E10/P10) -> 91.56 | U10: =IF(P10=0,"0",F10/P10) -> 45.78 | V10: =IF(P10=0,"0",G10/P10) -> 34.335 | W10: =IF(T10="0","0",N10/T10) -> 125.0782 | X10: =IF(U10="0","0",O10/U10) -> 125.0782 | Y10: =IF(V10="0","0",O10/V10) -> 166.77093 | Z10: =IF(Q10=0,"0",E10/Q10) -> 0 | AA10: =IF(Q10=0,"0",F10/Q10) -> 0 | AB10: =IF(Q10=0,"0",G10/Q10) -> 0 | AC10: =IF(Z10="0","0",O10/Z10) -> 0 | AD10: =IF(AA10="0","0",N10/AA10) -> 0 | AE10: =IF(AB10="0","0",O10/AB10) -> 0 | AF10: =IF(R10=0,"0",E10/R10) -> 0 | AG10: =IF(R10=0,"0",F10/R10) -> 0 | AH10: =IF(R10=0,"0",G10/R10) -> 0 | AI10: =IF(AF10="0","0",O10/AF10) -> 0 | AJ10: =IF(AG10="0","0",O10/AG10) -> 0 | AK10: =IF(AH10="0","0",N10/AH10) -> 0 | AL10: =T10+Z10+AF10 -> 91.56 | AM10: =U10+AA10+AG10 -> 45.78 | AN10: =V10+AB10+AH10 -> 34.335 | AO10: =IF(I10="Strap","Tensile",IF(P10>0,"Tensile","Shear")) -> Tensile | AP10: =IF(I10="Strap","Tensile",IF(Q10>0,"Tensile","Shear")) -> Shear | AQ10: =IF(I10="Strap","Tensile",IF(R10>0,"Tensile","Shear")) -> Shear | AR10: =W10+AC10+AI10 -> 125.0782 | AS10: =X10+AD10+AJ10 -> 125.0782 | AT10: =Y10+AE10+AK10 -> 166.77093
B11: 2 | C11: Air-Con (IDU 3) fastened to right wall | D11: 14 | E11: =D11*$D$3*$D$4 -> 549.36 | F11: =D11*$D$3*$D$5 -> 274.68 | G11: =D11*$D$3*$D$6 -> 206.01 | I11: 8.8 | J11: M6 | K11: =VLOOKUP(J11,'Fastener Data'!$E$3:$G$29,2,FALSE) -> 17.894 | L11: =VLOOKUP(I11,'Fastener Data'!$B$3:$C$18,2,FALSE) -> 640 | M11: =L11*0.5 -> 320 | N11: =K11*L11 -> 11452.16 | O11: =K11*M11 -> 5726.08 | P11: 0 | Q11: 0 | R11: 6 | S11: =SUM(P11:R11) -> 6 | T11: =IF(P11=0,"0",E11/P11) -> 0 | U11: =IF(P11=0,"0",F11/P11) -> 0 | V11: =IF(P11=0,"0",G11/P11) -> 0 | W11: =IF(T11="0","0",N11/T11) -> 0 | X11: =IF(U11="0","0",O11/U11) -> 0 | Y11: =IF(V11="0","0",O11/V11) -> 0 | Z11: =IF(Q11=0,"0",E11/Q11) -> 0 | AA11: =IF(Q11=0,"0",F11/Q11) -> 0 | AB11: =IF(Q11=0,"0",G11/Q11) -> 0 | AC11: =IF(Z11="0","0",O11/Z11) -> 0 | AD11: =IF(AA11="0","0",N11/AA11) -> 0 | AE11: =IF(AB11="0","0",O11/AB11) -> 0 | AF11: =IF(R11=0,"0",E11/R11) -> 91.56 | AG11: =IF(R11=0,"0",F11/R11) -> 45.78 | AH11: =IF(R11=0,"0",G11/R11) -> 34.335 | AI11: =IF(AF11="0","0",O11/AF11) -> 62.5391 | AJ11: =IF(AG11="0","0",O11/AG11) -> 125.0782 | AK11: =IF(AH11="0","0",N11/AH11) -> 333.54187 | AL11: =T11+Z11+AF11 -> 91.56 | AM11: =U11+AA11+AG11 -> 45.78 | AN11: =V11+AB11+AH11 -> 34.335 | AO11: =IF(I11="Strap","Tensile",IF(P11>0,"Tensile","Shear")) -> Shear | AP11: =IF(I11="Strap","Tensile",IF(Q11>0,"Tensile","Shear")) -> Shear | AQ11: =IF(I11="Strap","Tensile",IF(R11>0,"Tensile","Shear")) -> Tensile | AR11: =W11+AC11+AI11 -> 62.5391 | AS11: =X11+AD11+AJ11 -> 125.0782 | AT11: =Y11+AE11+AK11 -> 333.54187
B12: 3 | C12: Air-Con (ODU 1, 2, 3) fastened to the top frame of the utility rack and the floor of the EM mast working platform | D12: 51 | E12: =D12*$D$3*$D$4 -> 2001.24 | F12: =D12*$D$3*$D$5 -> 1000.62 | G12: =D12*$D$3*$D$6 -> 750.465 | I12: 8.8 | J12: M10 | K12: =VLOOKUP(J12,'Fastener Data'!$E$3:$G$29,2,FALSE) -> 52.292 | L12: =VLOOKUP(I12,'Fastener Data'!$B$3:$C$18,2,FALSE) -> 640 | M12: =L12*0.5 -> 320 | N12: =K12*L12 -> 33466.88 | O12: =K12*M12 -> 16733.44 | P12: 0 | Q12: 4 | R12: 0 | S12: =SUM(P12:R12) -> 4 | T12: =IF(P12=0,"0",E12/P12) -> 0 | U12: =IF(P12=0,"0",F12/P12) -> 0 | V12: =IF(P12=0,"0",G12/P12) -> 0 | W12: =IF(T12="0","0",N12/T12) -> 0 | X12: =IF(U12="0","0",O12/U12) -> 0 | Y12: =IF(V12="0","0",O12/V12) -> 0 | Z12: =IF(Q12=0,"0",E12/Q12) -> 500.31 | AA12: =IF(Q12=0,"0",F12/Q12) -> 250.155 | AB12: =IF(Q12=0,"0",G12/Q12) -> 187.61625 | AC12: =IF(Z12="0","0",O12/Z12) -> 33.446143 | AD12: =IF(AA12="0","0",N12/AA12) -> 133.78457 | AE12: =IF(AB12="0","0",O12/AB12) -> 89.189716 | AF12: =IF(R12=0,"0",E12/R12) -> 0 | AG12: =IF(R12=0,"0",F12/R12) -> 0 | AH12: =IF(R12=0,"0",G12/R12) -> 0 | AI12: =IF(AF12="0","0",O12/AF12) -> 0 | AJ12: =IF(AG12="0","0",O12/AG12) -> 0 | AK12: =IF(AH12="0","0",N12/AH12) -> 0 | AL12: =T12+Z12+AF12 -> 500.31 | AM12: =U12+AA12+AG12 -> 250.155 | AN12: =V12+AB12+AH12 -> 187.61625 | AO12: =IF(I12="Strap","Tensile",IF(P12>0,"Tensile","Shear")) -> Shear | AP12: =IF(I12="Strap","Tensile",IF(Q12>0,"Tensile","Shear")) -> Tensile | AQ12: =IF(I12="Strap","Tensile",IF(R12>0,"Tensile","Shear")) -> Shear | AR12: =W12+AC12+AI12 -> 33.446143 | AS12: =X12+AD12+AJ12 -> 133.78457 | AT12: =Y12+AE12+AK12 -> 89.189716
B13: 4 | C13: Foldable Table fastened to right side wall | D13: 10 | E13: =D13*$D$3*$D$4 -> 392.4 | F13: =D13*$D$3*$D$5 -> 196.2 | G13: =D13*$D$3*$D$6 -> 147.15 | I13: 8.8 | J13: M6 | K13: =VLOOKUP(J13,'Fastener Data'!$E$3:$G$29,2,FALSE) -> 17.894 | L13: =VLOOKUP(I13,'Fastener Data'!$B$3:$C$18,2,FALSE) -> 640 | M13: =L13*0.5 -> 320 | N13: =K13*L13 -> 11452.16 | O13: =K13*M13 -> 5726.08 | P13: 0 | Q13: 0 | R13: 6 | S13: =SUM(P13:R13) -> 6 | T13: =IF(P13=0,"0",E13/P13) -> 0 | U13: =IF(P13=0,"0",F13/P13) -> 0 | V13: =IF(P13=0,"0",G13/P13) -> 0 | W13: =IF(T13="0","0",N13/T13) -> 0 | X13: =IF(U13="0","0",O13/U13) -> 0 | Y13: =IF(V13="0","0",O13/V13) -> 0 | Z13: =IF(Q13=0,"0",E13/Q13) -> 0 | AA13: =IF(Q13=0,"0",F13/Q13) -> 0 | AB13: =IF(Q13=0,"0",G13/Q13) -> 0 | AC13: =IF(Z13="0","0",O13/Z13) -> 0 | AD13: =IF(AA13="0","0",N13/AA13) -> 0 | AE13: =IF(AB13="0","0",O13/AB13) -> 0 | AF13: =IF(R13=0,"0",E13/R13) -> 65.4 | AG13: =IF(R13=0,"0",F13/R13) -> 32.7 | AH13: =IF(R13=0,"0",G13/R13) -> 24.525 | AI13: =IF(AF13="0","0",O13/AF13) -> 87.55474 | AJ13: =IF(AG13="0","0",O13/AG13) -> 175.10948 | AK13: =IF(AH13="0","0",N13/AH13) -> 466.95861 | AL13: =T13+Z13+AF13 -> 65.4 | AM13: =U13+AA13+AG13 -> 32.7 | AN13: =V13+AB13+AH13 -> 24.525 | AO13: =IF(I13="Strap","Tensile",IF(P13>0,"Tensile","Shear")) -> Shear | AP13: =IF(I13="Strap","Tensile",IF(Q13>0,"Tensile","Shear")) -> Shear | AQ13: =IF(I13="Strap","Tensile",IF(R13>0,"Tensile","Shear")) -> Tensile | AR13: =W13+AC13+AI13 -> 87.55474 | AS13: =X13+AD13+AJ13 -> 175.10948 | AT13: =Y13+AE13+AK13 -> 466.95861
B14: 5 | C14: Foldable Chairs (3x) strap to the rear wall | D14: 13.5 | E14: =D14*$D$3*$D$4 -> 529.74 | F14: =D14*$D$3*$D$5 -> 264.87 | G14: =D14*$D$3*$D$6 -> 198.6525 | I14: Camlock Strap (1") | J14: Camlock Strap (1") | K14: =VLOOKUP(J14,'Fastener Data'!$E$3:$G$29,2,FALSE) -> 1 | L14: =VLOOKUP(I14,'Fastener Data'!$B$3:$C$18,2,FALSE) -> 2500 | M14: =L14 -> 2500 | N14: =K14*L14 -> 2500 | O14: =K14*M14 -> 2500 | P14: 1 | Q14: 0 | R14: 0 | S14: =SUM(P14:R14) -> 1 | T14: =IF(P14=0,"0",E14/P14) -> 529.74 | U14: =IF(P14=0,"0",F14/P14) -> 264.87 | V14: =IF(P14=0,"0",G14/P14) -> 198.6525 | W14: =IF(T14="0","0",N14/T14) -> 4.7192963 | X14: =IF(U14="0","0",O14/U14) -> 9.4385925 | Y14: =IF(V14="0","0",O14/V14) -> 12.58479 | Z14: =IF(Q14=0,"0",E14/Q14) -> 0 | AA14: =IF(Q14=0,"0",F14/Q14) -> 0 | AB14: =IF(Q14=0,"0",G14/Q14) -> 0 | AC14: =IF(Z14="0","0",O14/Z14) -> 0 | AD14: =IF(AA14="0","0",N14/AA14) -> 0 | AE14: =IF(AB14="0","0",O14/AB14) -> 0 | AF14: =IF(R14=0,"0",E14/R14) -> 0 | AG14: =IF(R14=0,"0",F14/R14) -> 0 | AH14: =IF(R14=0,"0",G14/R14) -> 0 | AI14: =IF(AF14="0","0",O14/AF14) -> 0 | AJ14: =IF(AG14="0","0",O14/AG14) -> 0 | AK14: =IF(AH14="0","0",N14/AH14) -> 0 | AL14: =T14+Z14+AF14 -> 529.74 | AM14: =U14+AA14+AG14 -> 264.87 | AN14: =V14+AB14+AH14 -> 198.6525 | AO14: =IF(I14="Strap","Tensile",IF(P14>0,"Tensile","Shear")) -> Tensile | AP14: =IF(I14="Strap","Tensile",IF(Q14>0,"Tensile","Shear")) -> Shear | AQ14: =IF(I14="Strap","Tensile",IF(R14>0,"Tensile","Shear")) -> Shear | AR14: =W14+AC14+AI14 -> 4.7192963 | AS14: =X14+AD14+AJ14 -> 9.4385925 | AT14: =Y14+AE14+AK14 -> 12.58479
B15: 6 | C15: First Aid Kit strap to the rear wall | D15: 2 | E15: =D15*$D$3*$D$4 -> 78.48 | F15: =D15*$D$3*$D$5 -> 39.24 | G15: =D15*$D$3*$D$6 -> 29.43 | I15: Camlock Strap (1") | J15: Camlock Strap (1") | K15: =VLOOKUP(J15,'Fastener Data'!$E$3:$G$29,2,FALSE) -> 1 | L15: =VLOOKUP(I15,'Fastener Data'!$B$3:$C$18,2,FALSE) -> 2500 | M15: =L15 -> 2500 | N15: =K15*L15 -> 2500 | O15: =K15*M15 -> 2500 | P15: 1 | Q15: 0 | R15: 0 | S15: =SUM(P15:R15) -> 1 | T15: =IF(P15=0,"0",E15/P15) -> 78.48 | U15: =IF(P15=0,"0",F15/P15) -> 39.24 | V15: =IF(P15=0,"0",G15/P15) -> 29.43 | W15: =IF(T15="0","0",N15/T15) -> 31.85525 | X15: =IF(U15="0","0",O15/U15) -> 63.710499 | Y15: =IF(V15="0","0",O15/V15) -> 84.947333 | Z15: =IF(Q15=0,"0",E15/Q15) -> 0 | AA15: =IF(Q15=0,"0",F15/Q15) -> 0 | AB15: =IF(Q15=0,"0",G15/Q15) -> 0 | AC15: =IF(Z15="0","0",O15/Z15) -> 0 | AD15: =IF(AA15="0","0",N15/AA15) -> 0 | AE15: =IF(AB15="0","0",O15/AB15) -> 0 | AF15: =IF(R15=0,"0",E15/R15) -> 0 | AG15: =IF(R15=0,"0",F15/R15) -> 0 | AH15: =IF(R15=0,"0",G15/R15) -> 0 | AI15: =IF(AF15="0","0",O15/AF15) -> 0 | AJ15: =IF(AG15="0","0",O15/AG15) -> 0 | AK15: =IF(AH15="0","0",N15/AH15) -> 0 | AL15: =T15+Z15+AF15 -> 78.48 | AM15: =U15+AA15+AG15 -> 39.24 | AN15: =V15+AB15+AH15 -> 29.43 | AO15: =IF(I15="Strap","Tensile",IF(P15>0,"Tensile","Shear")) -> Tensile | AP15: =IF(I15="Strap","Tensile",IF(Q15>0,"Tensile","Shear")) -> Shear | AQ15: =IF(I15="Strap","Tensile",IF(R15>0,"Tensile","Shear")) -> Shear | AR15: =W15+AC15+AI15 -> 31.85525 | AS15: =X15+AD15+AJ15 -> 63.710499 | AT15: =Y15+AE15+AK15 -> 84.947333
B16: 7 | C16: CO Detector fastenered to the rear wall | D16: 1 | E16: =D16*$D$3*$D$4 -> 39.24 | F16: =D16*$D$3*$D$5 -> 19.62 | G16: =D16*$D$3*$D$6 -> 14.715 | I16: Camlock Strap (1") | J16: Camlock Strap (1") | K16: =VLOOKUP(J16,'Fastener Data'!$E$3:$G$29,2,FALSE) -> 1 | L16: =VLOOKUP(I16,'Fastener Data'!$B$3:$C$18,2,FALSE) -> 2500 | M16: =L16 -> 2500 | N16: =K16*L16 -> 2500 | O16: =K16*M16 -> 2500 | P16: 1 | Q16: 0 | R16: 0 | S16: =SUM(P16:R16) -> 1 | T16: =IF(P16=0,"0",E16/P16) -> 39.24 | U16: =IF(P16=0,"0",F16/P16) -> 19.62 | V16: =IF(P16=0,"0",G16/P16) -> 14.715 | W16: =IF(T16="0","0",N16/T16) -> 63.710499 | X16: =IF(U16="0","0",O16/U16) -> 127.421 | Y16: =IF(V16="0","0",O16/V16) -> 169.89467 | Z16: =IF(Q16=0,"0",E16/Q16) -> 0 | AA16: =IF(Q16=0,"0",F16/Q16) -> 0 | AB16: =IF(Q16=0,"0",G16/Q16) -> 0 | AC16: =IF(Z16="0","0",O16/Z16) -> 0 | AD16: =IF(AA16="0","0",N16/AA16) -> 0 | AE16: =IF(AB16="0","0",O16/AB16) -> 0 | AF16: =IF(R16=0,"0",E16/R16) -> 0 | AG16: =IF(R16=0,"0",F16/R16) -> 0 | AH16: =IF(R16=0,"0",G16/R16) -> 0 | AI16: =IF(AF16="0","0",O16/AF16) -> 0 | AJ16: =IF(AG16="0","0",O16/AG16) -> 0 | AK16: =IF(AH16="0","0",N16/AH16) -> 0 | AL16: =T16+Z16+AF16 -> 39.24 | AM16: =U16+AA16+AG16 -> 19.62 | AN16: =V16+AB16+AH16 -> 14.715 | AO16: =IF(I16="Strap","Tensile",IF(P16>0,"Tensile","Shear")) -> Tensile | AP16: =IF(I16="Strap","Tensile",IF(Q16>0,"Tensile","Shear")) -> Shear | AQ16: =IF(I16="Strap","Tensile",IF(R16>0,"Tensile","Shear")) -> Shear | AR16: =W16+AC16+AI16 -> 63.710499 | AS16: =X16+AD16+AJ16 -> 127.421 | AT16: =Y16+AE16+AK16 -> 169.89467
B17: 8 | C17: Fire Extinguisher fastened to the rear wall | D17: 4 | E17: =D17*$D$3*$D$4 -> 156.96 | F17: =D17*$D$3*$D$5 -> 78.48 | G17: =D17*$D$3*$D$6 -> 58.86 | H17: Allan | I17: 8.8 | J17: M6 | K17: =VLOOKUP(J17,'Fastener Data'!$E$3:$G$29,2,FALSE) -> 17.894 | L17: =VLOOKUP(I17,'Fastener Data'!$B$3:$C$18,2,FALSE) -> 640 | M17: =L17*0.5 -> 320 | N17: =K17*L17 -> 11452.16 | O17: =K17*M17 -> 5726.08 | P17: 3 | Q17: 0 | R17: 0 | S17: =SUM(P17:R17) -> 3 | T17: =IF(P17=0,"0",E17/P17) -> 52.32 | U17: =IF(P17=0,"0",F17/P17) -> 26.16 | V17: =IF(P17=0,"0",G17/P17) -> 19.62 | W17: =IF(T17="0","0",N17/T17) -> 218.88685 | X17: =IF(U17="0","0",O17/U17) -> 218.88685 | Y17: =IF(V17="0","0",O17/V17) -> 291.84913 | Z17: =IF(Q17=0,"0",E17/Q17) -> 0 | AA17: =IF(Q17=0,"0",F17/Q17) -> 0 | AB17: =IF(Q17=0,"0",G17/Q17) -> 0 | AC17: =IF(Z17="0","0",O17/Z17) -> 0 | AD17: =IF(AA17="0","0",N17/AA17) -> 0 | AE17: =IF(AB17="0","0",O17/AB17) -> 0 | AF17: =IF(R17=0,"0",E17/R17) -> 0 | AG17: =IF(R17=0,"0",F17/R17) -> 0 | AH17: =IF(R17=0,"0",G17/R17) -> 0 | AI17: =IF(AF17="0","0",O17/AF17) -> 0 | AJ17: =IF(AG17="0","0",O17/AG17) -> 0 | AK17: =IF(AH17="0","0",N17/AH17) -> 0 | AL17: =T17+Z17+AF17 -> 52.32 | AM17: =U17+AA17+AG17 -> 26.16 | AN17: =V17+AB17+AH17 -> 19.62 | AO17: =IF(I17="Strap","Tensile",IF(P17>0,"Tensile","Shear")) -> Tensile | AP17: =IF(I17="Strap","Tensile",IF(Q17>0,"Tensile","Shear")) -> Shear | AQ17: =IF(I17="Strap","Tensile",IF(R17>0,"Tensile","Shear")) -> Shear | AR17: =W17+AC17+AI17 -> 218.88685 | AS17: =X17+AD17+AJ17 -> 218.88685 | AT17: =Y17+AE17+AK17 -> 291.84913
B18: 9 | C18: Safety Harness with Bag strap to the rear wall | D18: 10 | E18: =D18*$D$3*$D$4 -> 392.4 | F18: =D18*$D$3*$D$5 -> 196.2 | G18: =D18*$D$3*$D$6 -> 147.15 | I18: Camlock Strap (1") | J18: Camlock Strap (1") | K18: 1 | L18: =VLOOKUP(I18,'Fastener Data'!$B$3:$C$18,2,FALSE) -> 2500 | M18: =L18 -> 2500 | N18: =K18*L18 -> 2500 | O18: =K18*M18 -> 2500 | P18: 2 | Q18: 0 | R18: 0 | S18: =SUM(P18:R18) -> 2 | T18: =IF(P18=0,"0",E18/P18) -> 196.2 | U18: =IF(P18=0,"0",F18/P18) -> 98.1 | V18: =IF(P18=0,"0",G18/P18) -> 73.575 | W18: =IF(T18="0","0",N18/T18) -> 12.7421 | X18: =IF(U18="0","0",O18/U18) -> 25.4842 | Y18: =IF(V18="0","0",O18/V18) -> 33.978933 | Z18: =IF(Q18=0,"0",E18/Q18) -> 0 | AA18: =IF(Q18=0,"0",F18/Q18) -> 0 | AB18: =IF(Q18=0,"0",G18/Q18) -> 0 | AC18: =IF(Z18="0","0",O18/Z18) -> 0 | AD18: =IF(AA18="0","0",N18/AA18) -> 0 | AE18: =IF(AB18="0","0",O18/AB18) -> 0 | AF18: =IF(R18=0,"0",E18/R18) -> 0 | AG18: =IF(R18=0,"0",F18/R18) -> 0 | AH18: =IF(R18=0,"0",G18/R18) -> 0 | AI18: =IF(AF18="0","0",O18/AF18) -> 0 | AJ18: =IF(AG18="0","0",O18/AG18) -> 0 | AK18: =IF(AH18="0","0",N18/AH18) -> 0 | AL18: =T18+Z18+AF18 -> 196.2 | AM18: =U18+AA18+AG18 -> 98.1 | AN18: =V18+AB18+AH18 -> 73.575 | AO18: =IF(I18="Strap","Tensile",IF(P18>0,"Tensile","Shear")) -> Tensile | AP18: =IF(I18="Strap","Tensile",IF(Q18>0,"Tensile","Shear")) -> Shear | AQ18: =IF(I18="Strap","Tensile",IF(R18>0,"Tensile","Shear")) -> Shear | AR18: =W18+AC18+AI18 -> 12.7421 | AS18: =X18+AD18+AJ18 -> 25.4842 | AT18: =Y18+AE18+AK18 -> 33.978933
B19: 10 | C19: DCC Touch Panel fastened to the rear wall | D19: 10 | E19: =D19*$D$3*$D$4 -> 392.4 | F19: =D19*$D$3*$D$5 -> 196.2 | G19: =D19*$D$3*$D$6 -> 147.15 | I19: 8.8 | J19: M6 | K19: =VLOOKUP(J19,'Fastener Data'!$E$3:$G$29,2,FALSE) -> 17.894 | L19: =VLOOKUP(I19,'Fastener Data'!$B$3:$C$18,2,FALSE) -> 640 | M19: =L19*0.5 -> 320 | N19: =K19*L19 -> 11452.16 | O19: =K19*M19 -> 5726.08 | P19: 4 | Q19: 0 | R19: 0 | S19: =SUM(P19:R19) -> 4 | T19: =IF(P19=0,"0",E19/P19) -> 98.1 | U19: =IF(P19=0,"0",F19/P19) -> 49.05 | V19: =IF(P19=0,"0",G19/P19) -> 36.7875 | W19: =IF(T19="0","0",N19/T19) -> 116.73965 | X19: =IF(U19="0","0",O19/U19) -> 116.73965 | Y19: =IF(V19="0","0",O19/V19) -> 155.65287 | Z19: =IF(Q19=0,"0",E19/Q19) -> 0 | AA19: =IF(Q19=0,"0",F19/Q19) -> 0 | AB19: =IF(Q19=0,"0",G19/Q19) -> 0 | AC19: =IF(Z19="0","0",O19/Z19) -> 0 | AD19: =IF(AA19="0","0",N19/AA19) -> 0 | AE19: =IF(AB19="0","0",O19/AB19) -> 0 | AF19: =IF(R19=0,"0",E19/R19) -> 0 | AG19: =IF(R19=0,"0",F19/R19) -> 0 | AH19: =IF(R19=0,"0",G19/R19) -> 0 | AI19: =IF(AF19="0","0",O19/AF19) -> 0 | AJ19: =IF(AG19="0","0",O19/AG19) -> 0 | AK19: =IF(AH19="0","0",N19/AH19) -> 0 | AL19: =T19+Z19+AF19 -> 98.1 | AM19: =U19+AA19+AG19 -> 49.05 | AN19: =V19+AB19+AH19 -> 36.7875 | AO19: =IF(I19="Strap","Tensile",IF(P19>0,"Tensile","Shear")) -> Tensile | AP19: =IF(I19="Strap","Tensile",IF(Q19>0,"Tensile","Shear")) -> Shear | AQ19: =IF(I19="Strap","Tensile",IF(R19>0,"Tensile","Shear")) -> Shear | AR19: =W19+AC19+AI19 -> 116.73965 | AS19: =X19+AD19+AJ19 -> 116.73965 | AT19: =Y19+AE19+AK19 -> 155.65287
B20: 11 | C20: Generator fastened to the base structure at Outdoor Facilities | D20: 1269 | E20: =D20*$D$3*$D$4 -> 49795.56 | F20: =D20*$D$3*$D$5 -> 24897.78 | G20: =D20*$D$3*$D$6 -> 18673.335 | I20: 8.8 | J20: M12 | K20: =VLOOKUP(J20,'Fastener Data'!$E$3:$G$29,2,FALSE) -> 76.247 | L20: =VLOOKUP(I20,'Fastener Data'!$B$3:$C$18,2,FALSE) -> 640 | M20: =L20*0.5 -> 320 | N20: =K20*L20 -> 48798.08 | O20: =K20*M20 -> 24399.04 | P20: 0 | Q20: 10 | R20: 0 | S20: =SUM(P20:R20) -> 10 | T20: =IF(P20=0,"0",E20/P20) -> 0 | U20: =IF(P20=0,"0",F20/P20) -> 0 | V20: =IF(P20=0,"0",G20/P20) -> 0 | W20: =IF(T20="0","0",N20/T20) -> 0 | X20: =IF(U20="0","0",O20/U20) -> 0 | Y20: =IF(V20="0","0",O20/V20) -> 0 | Z20: =IF(Q20=0,"0",E20/Q20) -> 4979.556 | AA20: =IF(Q20=0,"0",F20/Q20) -> 2489.778 | AB20: =IF(Q20=0,"0",G20/Q20) -> 1867.3335 | AC20: =IF(Z20="0","0",O20/Z20) -> 4.8998425 | AD20: =IF(AA20="0","0",N20/AA20) -> 19.59937 | AE20: =IF(AB20="0","0",O20/AB20) -> 13.066247 | AF20: =IF(R20=0,"0",E20/R20) -> 0 | AG20: =IF(R20=0,"0",F20/R20) -> 0 | AH20: =IF(R20=0,"0",G20/R20) -> 0 | AI20: =IF(AF20="0","0",O20/AF20) -> 0 | AJ20: =IF(AG20="0","0",O20/AG20) -> 0 | AK20: =IF(AH20="0","0",N20/AH20) -> 0 | AL20: =T20+Z20+AF20 -> 4979.556 | AM20: =U20+AA20+AG20 -> 2489.778 | AN20: =V20+AB20+AH20 -> 1867.3335 | AO20: =IF(I20="Strap","Tensile",IF(P20>0,"Tensile","Shear")) -> Shear | AP20: =IF(I20="Strap","Tensile",IF(Q20>0,"Tensile","Shear")) -> Tensile | AQ20: =IF(I20="Strap","Tensile",IF(R20>0,"Tensile","Shear")) -> Shear | AR20: =W20+AC20+AI20 -> 4.8998425 | AS20: =X20+AD20+AJ20 -> 19.59937 | AT20: =Y20+AE20+AK20 -> 13.066247
B21: 12 | C21: Outdoor Facilities Ladder latched in the Outdoor Facilities Ladder Storage | D21: 20 | E21: =D21*$D$3*$D$4 -> 784.8 | F21: =D21*$D$3*$D$5 -> 392.4 | G21: =D21*$D$3*$D$6 -> 294.3 | I21: Spring Latch | J21: Spring Latch | K21: =VLOOKUP(J21,'Fastener Data'!$E$3:$G$29,2,FALSE) -> 113.09734 | L21: =VLOOKUP(I21,'Fastener Data'!$B$3:$C$18,2,FALSE) -> 165 | M21: =L21*0.5 -> 82.5 | N21: =K21*L21 -> 18661.06 | O21: =K21*M21 -> 9330.5302 | P21: 1 | Q21: 0 | R21: 0 | S21: =SUM(P21:R21) -> 1 | T21: =IF(P21=0,"0",E21/P21) -> 784.8 | U21: =IF(P21=0,"0",F21/P21) -> 392.4 | V21: =IF(P21=0,"0",G21/P21) -> 294.3 | W21: =IF(T21="0","0",N21/T21) -> 23.77811 | X21: =IF(U21="0","0",O21/U21) -> 23.77811 | Y21: =IF(V21="0","0",O21/V21) -> 31.704146 | Z21: =IF(Q21=0,"0",E21/Q21) -> 0 | AA21: =IF(Q21=0,"0",F21/Q21) -> 0 | AB21: =IF(Q21=0,"0",G21/Q21) -> 0 | AC21: =IF(Z21="0","0",O21/Z21) -> 0 | AD21: =IF(AA21="0","0",N21/AA21) -> 0 | AE21: =IF(AB21="0","0",O21/AB21) -> 0 | AF21: =IF(R21=0,"0",E21/R21) -> 0 | AG21: =IF(R21=0,"0",F21/R21) -> 0 | AH21: =IF(R21=0,"0",G21/R21) -> 0 | AI21: =IF(AF21="0","0",O21/AF21) -> 0 | AJ21: =IF(AG21="0","0",O21/AG21) -> 0 | AK21: =IF(AH21="0","0",N21/AH21) -> 0 | AL21: =T21+Z21+AF21 -> 784.8 | AM21: =U21+AA21+AG21 -> 392.4 | AN21: =V21+AB21+AH21 -> 294.3 | AO21: =IF(I21="Strap","Tensile",IF(P21>0,"Tensile","Shear")) -> Tensile | AP21: =IF(I21="Strap","Tensile",IF(Q21>0,"Tensile","Shear")) -> Shear | AQ21: =IF(I21="Strap","Tensile",IF(R21>0,"Tensile","Shear")) -> Shear | AR21: =W21+AC21+AI21 -> 23.77811 | AS21: =X21+AD21+AJ21 -> 23.77811 | AT21: =Y21+AE21+AK21 -> 31.704146
B22: 13 | C22: Outdoor Facilities Ladder Storage fastened to the front bottom beam at Outdoor Facilities Area | D22: 35 | E22: =D22*$D$3*$D$4 -> 1373.4 | F22: =D22*$D$3*$D$5 -> 686.7 | G22: =D22*$D$3*$D$6 -> 515.025 | I22: 8.8 | J22: M8 | K22: =VLOOKUP(J22,'Fastener Data'!$E$3:$G$29,2,FALSE) -> 32.841 | L22: =VLOOKUP(I22,'Fastener Data'!$B$3:$C$18,2,FALSE) -> 640 | M22: =L22*0.5 -> 320 | N22: =K22*L22 -> 21018.24 | O22: =K22*M22 -> 10509.12 | P22: 12 | Q22: 0 | R22: 0 | S22: =SUM(P22:R22) -> 12 | T22: =IF(P22=0,"0",E22/P22) -> 114.45 | U22: =IF(P22=0,"0",F22/P22) -> 57.225 | V22: =IF(P22=0,"0",G22/P22) -> 42.91875 | W22: =IF(T22="0","0",N22/T22) -> 183.64561 | X22: =IF(U22="0","0",O22/U22) -> 183.64561 | Y22: =IF(V22="0","0",O22/V22) -> 244.86081 | Z22: =IF(Q22=0,"0",E22/Q22) -> 0 | AA22: =IF(Q22=0,"0",F22/Q22) -> 0 | AB22: =IF(Q22=0,"0",G22/Q22) -> 0 | AC22: =IF(Z22="0","0",O22/Z22) -> 0 | AD22: =IF(AA22="0","0",N22/AA22) -> 0 | AE22: =IF(AB22="0","0",O22/AB22) -> 0 | AF22: =IF(R22=0,"0",E22/R22) -> 0 | AG22: =IF(R22=0,"0",F22/R22) -> 0 | AH22: =IF(R22=0,"0",G22/R22) -> 0 | AI22: =IF(AF22="0","0",O22/AF22) -> 0 | AJ22: =IF(AG22="0","0",O22/AG22) -> 0 | AK22: =IF(AH22="0","0",N22/AH22) -> 0 | AL22: =T22+Z22+AF22 -> 114.45 | AM22: =U22+AA22+AG22 -> 57.225 | AN22: =V22+AB22+AH22 -> 42.91875 | AO22: =IF(I22="Strap","Tensile",IF(P22>0,"Tensile","Shear")) -> Tensile | AP22: =IF(I22="Strap","Tensile",IF(Q22>0,"Tensile","Shear")) -> Shear | AQ22: =IF(I22="Strap","Tensile",IF(R22>0,"Tensile","Shear")) -> Shear | AR22: =W22+AC22+AI22 -> 183.64561 | AS22: =X22+AD22+AJ22 -> 183.64561 | AT22: =Y22+AE22+AK22 -> 244.86081
B23: 14 | C23: Rear Door Ladder latched in the Rear Door Ladder Storage | D23: 20 | E23: =D23*$D$3*$D$4 -> 784.8 | F23: =D23*$D$3*$D$5 -> 392.4 | G23: =D23*$D$3*$D$6 -> 294.3 | I23: Spring Latch | J23: Spring Latch | K23: =VLOOKUP(J23,'Fastener Data'!$E$3:$G$29,2,FALSE) -> 113.09734 | L23: =VLOOKUP(I23,'Fastener Data'!$B$3:$C$18,2,FALSE) -> 165 | M23: =L23*0.5 -> 82.5 | N23: =K23*L23 -> 18661.06 | O23: =K23*M23 -> 9330.5302 | P23: 1 | Q23: 0 | R23: 0 | S23: =SUM(P23:R23) -> 1 | T23: =IF(P23=0,"0",E23/P23) -> 784.8 | U23: =IF(P23=0,"0",F23/P23) -> 392.4 | V23: =IF(P23=0,"0",G23/P23) -> 294.3 | W23: =IF(T23="0","0",N23/T23) -> 23.77811 | X23: =IF(U23="0","0",O23/U23) -> 23.77811 | Y23: =IF(V23="0","0",O23/V23) -> 31.704146 | Z23: =IF(Q23=0,"0",E23/Q23) -> 0 | AA23: =IF(Q23=0,"0",F23/Q23) -> 0 | AB23: =IF(Q23=0,"0",G23/Q23) -> 0 | AC23: =IF(Z23="0","0",O23/Z23) -> 0 | AD23: =IF(AA23="0","0",N23/AA23) -> 0 | AE23: =IF(AB23="0","0",O23/AB23) -> 0 | AF23: =IF(R23=0,"0",E23/R23) -> 0 | AG23: =IF(R23=0,"0",F23/R23) -> 0 | AH23: =IF(R23=0,"0",G23/R23) -> 0 | AI23: =IF(AF23="0","0",O23/AF23) -> 0 | AJ23: =IF(AG23="0","0",O23/AG23) -> 0 | AK23: =IF(AH23="0","0",N23/AH23) -> 0 | AL23: =T23+Z23+AF23 -> 784.8 | AM23: =U23+AA23+AG23 -> 392.4 | AN23: =V23+AB23+AH23 -> 294.3 | AO23: =IF(I23="Strap","Tensile",IF(P23>0,"Tensile","Shear")) -> Tensile | AP23: =IF(I23="Strap","Tensile",IF(Q23>0,"Tensile","Shear")) -> Shear | AQ23: =IF(I23="Strap","Tensile",IF(R23>0,"Tensile","Shear")) -> Shear | AR23: =W23+AC23+AI23 -> 23.77811 | AS23: =X23+AD23+AJ23 -> 23.77811 | AT23: =Y23+AE23+AK23 -> 31.704146
B24: 15 | C24: Rear Door Ladder Storage w/ platform fastened to the rear bottom beam | D24: 45 | E24: =D24*$D$3*$D$4 -> 1765.8 | F24: =D24*$D$3*$D$5 -> 882.9 | G24: =D24*$D$3*$D$6 -> 662.175 | I24: 8.8 | J24: M6 | K24: =VLOOKUP(J24,'Fastener Data'!$E$3:$G$29,2,FALSE) -> 17.894 | L24: =VLOOKUP(I24,'Fastener Data'!$B$3:$C$18,2,FALSE) -> 640 | M24: =L24*0.5 -> 320 | N24: =K24*L24 -> 11452.16 | O24: =K24*M24 -> 5726.08 | P24: 20 | Q24: 0 | R24: 0 | S24: =SUM(P24:R24) -> 20 | T24: =IF(P24=0,"0",E24/P24) -> 88.29 | U24: =IF(P24=0,"0",F24/P24) -> 44.145 | V24: =IF(P24=0,"0",G24/P24) -> 33.10875 | W24: =IF(T24="0","0",N24/T24) -> 129.71073 | X24: =IF(U24="0","0",O24/U24) -> 129.71073 | Y24: =IF(V24="0","0",O24/V24) -> 172.94763 | Z24: =IF(Q24=0,"0",E24/Q24) -> 0 | AA24: =IF(Q24=0,"0",F24/Q24) -> 0 | AB24: =IF(Q24=0,"0",G24/Q24) -> 0 | AC24: =IF(Z24="0","0",O24/Z24) -> 0 | AD24: =IF(AA24="0","0",N24/AA24) -> 0 | AE24: =IF(AB24="0","0",O24/AB24) -> 0 | AF24: =IF(R24=0,"0",E24/R24) -> 0 | AG24: =IF(R24=0,"0",F24/R24) -> 0 | AH24: =IF(R24=0,"0",G24/R24) -> 0 | AI24: =IF(AF24="0","0",O24/AF24) -> 0 | AJ24: =IF(AG24="0","0",O24/AG24) -> 0 | AK24: =IF(AH24="0","0",N24/AH24) -> 0 | AL24: =T24+Z24+AF24 -> 88.29 | AM24: =U24+AA24+AG24 -> 44.145 | AN24: =V24+AB24+AH24 -> 33.10875 | AO24: =IF(I24="Strap","Tensile",IF(P24>0,"Tensile","Shear")) -> Tensile | AP24: =IF(I24="Strap","Tensile",IF(Q24>0,"Tensile","Shear")) -> Shear | AQ24: =IF(I24="Strap","Tensile",IF(R24>0,"Tensile","Shear")) -> Shear | AR24: =W24+AC24+AI24 -> 129.71073 | AS24: =X24+AD24+AJ24 -> 129.71073 | AT24: =Y24+AE24+AK24 -> 172.94763
B25: 16 | C25: Rear Roof Access Ladder fastened to rear wall | D25: 5 | E25: =D25*$D$3*$D$4 -> 196.2 | F25: =D25*$D$3*$D$5 -> 98.1 | G25: =D25*$D$3*$D$6 -> 73.575 | I25: 8.8 | J25: M6 | K25: =VLOOKUP(J25,'Fastener Data'!$E$3:$G$29,2,FALSE) -> 17.894 | L25: =VLOOKUP(I25,'Fastener Data'!$B$3:$C$18,2,FALSE) -> 640 | M25: =L25*0.5 -> 320 | N25: =K25*L25 -> 11452.16 | O25: =K25*M25 -> 5726.08 | P25: 8 | Q25: 0 | R25: 0 | S25: =SUM(P25:R25) -> 8 | T25: =IF(P25=0,"0",E25/P25) -> 24.525 | U25: =IF(P25=0,"0",F25/P25) -> 12.2625 | V25: =IF(P25=0,"0",G25/P25) -> 9.196875 | W25: =IF(T25="0","0",N25/T25) -> 466.95861 | X25: =IF(U25="0","0",O25/U25) -> 466.95861 | Y25: =IF(V25="0","0",O25/V25) -> 622.61148 | Z25: =IF(Q25=0,"0",E25/Q25) -> 0 | AA25: =IF(Q25=0,"0",F25/Q25) -> 0 | AB25: =IF(Q25=0,"0",G25/Q25) -> 0 | AC25: =IF(Z25="0","0",O25/Z25) -> 0 | AD25: =IF(AA25="0","0",N25/AA25) -> 0 | AE25: =IF(AB25="0","0",O25/AB25) -> 0 | AF25: =IF(R25=0,"0",E25/R25) -> 0 | AG25: =IF(R25=0,"0",F25/R25) -> 0 | AH25: =IF(R25=0,"0",G25/R25) -> 0 | AI25: =IF(AF25="0","0",O25/AF25) -> 0 | AJ25: =IF(AG25="0","0",O25/AG25) -> 0 | AK25: =IF(AH25="0","0",N25/AH25) -> 0 | AL25: =T25+Z25+AF25 -> 24.525 | AM25: =U25+AA25+AG25 -> 12.2625 | AN25: =V25+AB25+AH25 -> 9.196875 | AO25: =IF(I25="Strap","Tensile",IF(P25>0,"Tensile","Shear")) -> Tensile | AP25: =IF(I25="Strap","Tensile",IF(Q25>0,"Tensile","Shear")) -> Shear | AQ25: =IF(I25="Strap","Tensile",IF(R25>0,"Tensile","Shear")) -> Shear | AR25: =W25+AC25+AI25 -> 466.95861 | AS25: =X25+AD25+AJ25 -> 466.95861 | AT25: =Y25+AE25+AK25 -> 622.61148
B26: 17 | C26: Refuelling Remote Panel fastened to the Utility rack at Outdoor Facilities Area | D26: 20 | E26: =D26*$D$3*$D$4 -> 784.8 | F26: =D26*$D$3*$D$5 -> 392.4 | G26: =D26*$D$3*$D$6 -> 294.3 | I26: 8.8 | J26: M6 | K26: =VLOOKUP(J26,'Fastener Data'!$E$3:$G$29,2,FALSE) -> 17.894 | L26: =VLOOKUP(I26,'Fastener Data'!$B$3:$C$18,2,FALSE) -> 640 | M26: =L26*0.5 -> 320 | N26: =K26*L26 -> 11452.16 | O26: =K26*M26 -> 5726.08 | P26: 0 | Q26: 0 | R26: 4 | S26: =SUM(P26:R26) -> 4 | T26: =IF(P26=0,"0",E26/P26) -> 0 | U26: =IF(P26=0,"0",F26/P26) -> 0 | V26: =IF(P26=0,"0",G26/P26) -> 0 | W26: =IF(T26="0","0",N26/T26) -> 0 | X26: =IF(U26="0","0",O26/U26) -> 0 | Y26: =IF(V26="0","0",O26/V26) -> 0 | Z26: =IF(Q26=0,"0",E26/Q26) -> 0 | AA26: =IF(Q26=0,"0",F26/Q26) -> 0 | AB26: =IF(Q26=0,"0",G26/Q26) -> 0 | AC26: =IF(Z26="0","0",O26/Z26) -> 0 | AD26: =IF(AA26="0","0",N26/AA26) -> 0 | AE26: =IF(AB26="0","0",O26/AB26) -> 0 | AF26: =IF(R26=0,"0",E26/R26) -> 196.2 | AG26: =IF(R26=0,"0",F26/R26) -> 98.1 | AH26: =IF(R26=0,"0",G26/R26) -> 73.575 | AI26: =IF(AF26="0","0",O26/AF26) -> 29.184913 | AJ26: =IF(AG26="0","0",O26/AG26) -> 58.369827 | AK26: =IF(AH26="0","0",N26/AH26) -> 155.65287 | AL26: =T26+Z26+AF26 -> 196.2 | AM26: =U26+AA26+AG26 -> 98.1 | AN26: =V26+AB26+AH26 -> 73.575 | AO26: =IF(I26="Strap","Tensile",IF(P26>0,"Tensile","Shear")) -> Shear | AP26: =IF(I26="Strap","Tensile",IF(Q26>0,"Tensile","Shear")) -> Shear | AQ26: =IF(I26="Strap","Tensile",IF(R26>0,"Tensile","Shear")) -> Tensile | AR26: =W26+AC26+AI26 -> 29.184913 | AS26: =X26+AD26+AJ26 -> 58.369827 | AT26: =Y26+AE26+AK26 -> 155.65287
B27: 18 | C27: Manual Pump fastened to the Utility rack at Outdoor Facilities Area | D27: 5 | E27: =D27*$D$3*$D$4 -> 196.2 | F27: =D27*$D$3*$D$5 -> 98.1 | G27: =D27*$D$3*$D$6 -> 73.575 | I27: 8.8 | J27: M6 | K27: =VLOOKUP(J27,'Fastener Data'!$E$3:$G$29,2,FALSE) -> 17.894 | L27: =VLOOKUP(I27,'Fastener Data'!$B$3:$C$18,2,FALSE) -> 640 | M27: =L27*0.5 -> 320 | N27: =K27*L27 -> 11452.16 | O27: =K27*M27 -> 5726.08 | P27: 0 | Q27: 0 | R27: 3 | S27: =SUM(P27:R27) -> 3 | T27: =IF(P27=0,"0",E27/P27) -> 0 | U27: =IF(P27=0,"0",F27/P27) -> 0 | V27: =IF(P27=0,"0",G27/P27) -> 0 | W27: =IF(T27="0","0",N27/T27) -> 0 | X27: =IF(U27="0","0",O27/U27) -> 0 | Y27: =IF(V27="0","0",O27/V27) -> 0 | Z27: =IF(Q27=0,"0",E27/Q27) -> 0 | AA27: =IF(Q27=0,"0",F27/Q27) -> 0 | AB27: =IF(Q27=0,"0",G27/Q27) -> 0 | AC27: =IF(Z27="0","0",O27/Z27) -> 0 | AD27: =IF(AA27="0","0",N27/AA27) -> 0 | AE27: =IF(AB27="0","0",O27/AB27) -> 0 | AF27: =IF(R27=0,"0",E27/R27) -> 65.4 | AG27: =IF(R27=0,"0",F27/R27) -> 32.7 | AH27: =IF(R27=0,"0",G27/R27) -> 24.525 | AI27: =IF(AF27="0","0",O27/AF27) -> 87.55474 | AJ27: =IF(AG27="0","0",O27/AG27) -> 175.10948 | AK27: =IF(AH27="0","0",N27/AH27) -> 466.95861 | AL27: =T27+Z27+AF27 -> 65.4 | AM27: =U27+AA27+AG27 -> 32.7 | AN27: =V27+AB27+AH27 -> 24.525 | AO27: =IF(I27="Strap","Tensile",IF(P27>0,"Tensile","Shear")) -> Shear | AP27: =IF(I27="Strap","Tensile",IF(Q27>0,"Tensile","Shear")) -> Shear | AQ27: =IF(I27="Strap","Tensile",IF(R27>0,"Tensile","Shear")) -> Tensile | AR27: =W27+AC27+AI27 -> 87.55474 | AS27: =X27+AD27+AJ27 -> 175.10948 | AT27: =Y27+AE27+AK27 -> 466.95861
B28: 19 | C28: 15m Pneumatic Mast (Left, Right) fastened to the base structure at LOS Mast Compartment | D28: 150 | E28: =D28*$D$3*$D$4 -> 5886 | F28: =D28*$D$3*$D$5 -> 2943 | G28: =D28*$D$3*$D$6 -> 2207.25 | I28: 8.8 | J28: M10 | K28: =VLOOKUP(J28,'Fastener Data'!$E$3:$G$29,2,FALSE) -> 52.292 | L28: =VLOOKUP(I28,'Fastener Data'!$B$3:$C$18,2,FALSE) -> 640 | M28: =L28*0.5 -> 320 | N28: =K28*L28 -> 33466.88 | O28: =K28*M28 -> 16733.44 | P28: 0 | Q28: 4 | R28: 0 | S28: =SUM(P28:R28) -> 4 | T28: =IF(P28=0,"0",E28/P28) -> 0 | U28: =IF(P28=0,"0",F28/P28) -> 0 | V28: =IF(P28=0,"0",G28/P28) -> 0 | W28: =IF(T28="0","0",N28/T28) -> 0 | X28: =IF(U28="0","0",O28/U28) -> 0 | Y28: =IF(V28="0","0",O28/V28) -> 0 | Z28: =IF(Q28=0,"0",E28/Q28) -> 1471.5 | AA28: =IF(Q28=0,"0",F28/Q28) -> 735.75 | AB28: =IF(Q28=0,"0",G28/Q28) -> 551.8125 | AC28: =IF(Z28="0","0",O28/Z28) -> 11.371689 | AD28: =IF(AA28="0","0",N28/AA28) -> 45.486755 | AE28: =IF(AB28="0","0",O28/AB28) -> 30.324503 | AF28: =IF(R28=0,"0",E28/R28) -> 0 | AG28: =IF(R28=0,"0",F28/R28) -> 0 | AH28: =IF(R28=0,"0",G28/R28) -> 0 | AI28: =IF(AF28="0","0",O28/AF28) -> 0 | AJ28: =IF(AG28="0","0",O28/AG28) -> 0 | AK28: =IF(AH28="0","0",N28/AH28) -> 0 | AL28: =T28+Z28+AF28 -> 1471.5 | AM28: =U28+AA28+AG28 -> 735.75 | AN28: =V28+AB28+AH28 -> 551.8125 | AO28: =IF(I28="Strap","Tensile",IF(P28>0,"Tensile","Shear")) -> Shear | AP28: =IF(I28="Strap","Tensile",IF(Q28>0,"Tensile","Shear")) -> Tensile | AQ28: =IF(I28="Strap","Tensile",IF(R28>0,"Tensile","Shear")) -> Shear | AR28: =W28+AC28+AI28 -> 11.371689 | AS28: =X28+AD28+AJ28 -> 45.486755 | AT28: =Y28+AE28+AK28 -> 30.324503
B29: 20 | C29: Mast Compressor (left, Right) fastened to the base structure at LOS Mast Compartment | D29: 22 | E29: =D29*$D$3*$D$4 -> 863.28 | F29: =D29*$D$3*$D$5 -> 431.64 | G29: =D29*$D$3*$D$6 -> 323.73 | I29: 8.8 | J29: M6 | K29: =VLOOKUP(J29,'Fastener Data'!$E$3:$G$29,2,FALSE) -> 17.894 | L29: =VLOOKUP(I29,'Fastener Data'!$B$3:$C$18,2,FALSE) -> 640 | M29: =L29*0.5 -> 320 | N29: =K29*L29 -> 11452.16 | O29: =K29*M29 -> 5726.08 | P29: 0 | Q29: 4 | R29: 0 | S29: =SUM(P29:R29) -> 4 | T29: =IF(P29=0,"0",E29/P29) -> 0 | U29: =IF(P29=0,"0",F29/P29) -> 0 | V29: =IF(P29=0,"0",G29/P29) -> 0 | W29: =IF(T29="0","0",N29/T29) -> 0 | X29: =IF(U29="0","0",O29/U29) -> 0 | Y29: =IF(V29="0","0",O29/V29) -> 0 | Z29: =IF(Q29=0,"0",E29/Q29) -> 215.82 | AA29: =IF(Q29=0,"0",F29/Q29) -> 107.91 | AB29: =IF(Q29=0,"0",G29/Q29) -> 80.9325 | AC29: =IF(Z29="0","0",O29/Z29) -> 26.531739 | AD29: =IF(AA29="0","0",N29/AA29) -> 106.12696 | AE29: =IF(AB29="0","0",O29/AB29) -> 70.751305 | AF29: =IF(R29=0,"0",E29/R29) -> 0 | AG29: =IF(R29=0,"0",F29/R29) -> 0 | AH29: =IF(R29=0,"0",G29/R29) -> 0 | AI29: =IF(AF29="0","0",O29/AF29) -> 0 | AJ29: =IF(AG29="0","0",O29/AG29) -> 0 | AK29: =IF(AH29="0","0",N29/AH29) -> 0 | AL29: =T29+Z29+AF29 -> 215.82 | AM29: =U29+AA29+AG29 -> 107.91 | AN29: =V29+AB29+AH29 -> 80.9325 | AO29: =IF(I29="Strap","Tensile",IF(P29>0,"Tensile","Shear")) -> Shear | AP29: =IF(I29="Strap","Tensile",IF(Q29>0,"Tensile","Shear")) -> Tensile | AQ29: =IF(I29="Strap","Tensile",IF(R29>0,"Tensile","Shear")) -> Shear | AR29: =W29+AC29+AI29 -> 26.531739 | AS29: =X29+AD29+AJ29 -> 106.12696 | AT29: =Y29+AE29+AK29 -> 70.751305
B30: 21 | C30: EM Mast w/fixed payload (LTE Antennas & Mounting) fastened to the base structure at EM mast compartment | D30: 251 | E30: =D30*$D$3*$D$4 -> 9849.24 | F30: =D30*$D$3*$D$5 -> 4924.62 | G30: =D30*$D$3*$D$6 -> 3693.465 | I30: 8.8 | J30: M12 | K30: =VLOOKUP(J30,'Fastener Data'!$E$3:$G$29,2,FALSE) -> 76.247 | L30: =VLOOKUP(I30,'Fastener Data'!$B$3:$C$18,2,FALSE) -> 640 | M30: =L30*0.5 -> 320 | N30: =K30*L30 -> 48798.08 | O30: =K30*M30 -> 24399.04 | P30: 0 | Q30: 4 | R30: 0 | S30: =SUM(P30:R30) -> 4 | T30: =IF(P30=0,"0",E30/P30) -> 0 | U30: =IF(P30=0,"0",F30/P30) -> 0 | V30: =IF(P30=0,"0",G30/P30) -> 0 | W30: =IF(T30="0","0",N30/T30) -> 0 | X30: =IF(U30="0","0",O30/U30) -> 0 | Y30: =IF(V30="0","0",O30/V30) -> 0 | Z30: =IF(Q30=0,"0",E30/Q30) -> 2462.31 | AA30: =IF(Q30=0,"0",F30/Q30) -> 1231.155 | AB30: =IF(Q30=0,"0",G30/Q30) -> 923.36625 | AC30: =IF(Z30="0","0",O30/Z30) -> 9.9090041 | AD30: =IF(AA30="0","0",N30/AA30) -> 39.636017 | AE30: =IF(AB30="0","0",O30/AB30) -> 26.424011 | AF30: =IF(R30=0,"0",E30/R30) -> 0 | AG30: =IF(R30=0,"0",F30/R30) -> 0 | AH30: =IF(R30=0,"0",G30/R30) -> 0 | AI30: =IF(AF30="0","0",O30/AF30) -> 0 | AJ30: =IF(AG30="0","0",O30/AG30) -> 0 | AK30: =IF(AH30="0","0",N30/AH30) -> 0 | AL30: =T30+Z30+AF30 -> 2462.31 | AM30: =U30+AA30+AG30 -> 1231.155 | AN30: =V30+AB30+AH30 -> 923.36625 | AO30: =IF(I30="Strap","Tensile",IF(P30>0,"Tensile","Shear")) -> Shear | AP30: =IF(I30="Strap","Tensile",IF(Q30>0,"Tensile","Shear")) -> Tensile | AQ30: =IF(I30="Strap","Tensile",IF(R30>0,"Tensile","Shear")) -> Shear | AR30: =W30+AC30+AI30 -> 9.9090041 | AS30: =X30+AD30+AJ30 -> 39.636017 | AT30: =Y30+AE30+AK30 -> 26.424011
B31: 22 | C31: EM Mast Main Controller fastened to front wall | D31: 5 | E31: =D31*$D$3*$D$4 -> 196.2 | F31: =D31*$D$3*$D$5 -> 98.1 | G31: =D31*$D$3*$D$6 -> 73.575 | I31: 8.8 | J31: M6 | K31: =VLOOKUP(J31,'Fastener Data'!$E$3:$G$29,2,FALSE) -> 17.894 | L31: =VLOOKUP(I31,'Fastener Data'!$B$3:$C$18,2,FALSE) -> 640 | M31: =0.5*L31 -> 320 | N31: =K31*L31 -> 11452.16 | O31: =K31*M31 -> 5726.08 | P31: 6 | Q31: 0 | R31: 0 | S31: =SUM(P31:R31) -> 6 | T31: =IF(P31=0,"0",E31/P31) -> 32.7 | U31: =IF(P31=0,"0",F31/P31) -> 16.35 | V31: =IF(P31=0,"0",G31/P31) -> 12.2625 | W31: =IF(T31="0","0",N31/T31) -> 350.21896 | X31: =IF(U31="0","0",O31/U31) -> 350.21896 | Y31: =IF(V31="0","0",O31/V31) -> 466.95861 | Z31: =IF(Q31=0,"0",E31/Q31) -> 0 | AA31: =IF(Q31=0,"0",F31/Q31) -> 0 | AB31: =IF(Q31=0,"0",G31/Q31) -> 0 | AC31: =IF(Z31="0","0",O31/Z31) -> 0 | AD31: =IF(AA31="0","0",N31/AA31) -> 0 | AE31: =IF(AB31="0","0",O31/AB31) -> 0 | AF31: =IF(R31=0,"0",E31/R31) -> 0 | AG31: =IF(R31=0,"0",F31/R31) -> 0 | AH31: =IF(R31=0,"0",G31/R31) -> 0 | AI31: =IF(AF31="0","0",O31/AF31) -> 0 | AJ31: =IF(AG31="0","0",O31/AG31) -> 0 | AK31: =IF(AH31="0","0",N31/AH31) -> 0 | AL31: =T31+Z31+AF31 -> 32.7 | AM31: =U31+AA31+AG31 -> 16.35 | AN31: =V31+AB31+AH31 -> 12.2625 | AO31: =IF(I31="Strap","Tensile",IF(P31>0,"Tensile","Shear")) -> Tensile | AP31: =IF(I31="Strap","Tensile",IF(Q31>0,"Tensile","Shear")) -> Shear | AQ31: =IF(I31="Strap","Tensile",IF(R31>0,"Tensile","Shear")) -> Shear | AR31: =W31+AC31+AI31 -> 350.21896 | AS31: =X31+AD31+AJ31 -> 350.21896 | AT31: =Y31+AE31+AK31 -> 466.95861
B32: 23 | C32: EM Mast Handheld Remote Control fastened to front wall | D32: 3 | E32: =D32*$D$3*$D$4 -> 117.72 | F32: =D32*$D$3*$D$5 -> 58.86 | G32: =D32*$D$3*$D$6 -> 44.145 | I32: 8.8 | J32: M6 | K32: =VLOOKUP(J32,'Fastener Data'!$E$3:$G$29,2,FALSE) -> 17.894 | L32: =VLOOKUP(I32,'Fastener Data'!$B$3:$C$18,2,FALSE) -> 640 | M32: =0.5*L32 -> 320 | N32: =K32*L32 -> 11452.16 | O32: =K32*M32 -> 5726.08 | P32: 4 | Q32: 0 | R32: 0 | S32: =SUM(P32:R32) -> 4 | T32: =IF(P32=0,"0",E32/P32) -> 29.43 | U32: =IF(P32=0,"0",F32/P32) -> 14.715 | V32: =IF(P32=0,"0",G32/P32) -> 11.03625 | W32: =IF(T32="0","0",N32/T32) -> 389.13218 | X32: =IF(U32="0","0",O32/U32) -> 389.13218 | Y32: =IF(V32="0","0",O32/V32) -> 518.8429 | Z32: =IF(Q32=0,"0",E32/Q32) -> 0 | AA32: =IF(Q32=0,"0",F32/Q32) -> 0 | AB32: =IF(Q32=0,"0",G32/Q32) -> 0 | AC32: =IF(Z32="0","0",O32/Z32) -> 0 | AD32: =IF(AA32="0","0",N32/AA32) -> 0 | AE32: =IF(AB32="0","0",O32/AB32) -> 0 | AF32: =IF(R32=0,"0",E32/R32) -> 0 | AG32: =IF(R32=0,"0",F32/R32) -> 0 | AH32: =IF(R32=0,"0",G32/R32) -> 0 | AI32: =IF(AF32="0","0",O32/AF32) -> 0 | AJ32: =IF(AG32="0","0",O32/AG32) -> 0 | AK32: =IF(AH32="0","0",N32/AH32) -> 0 | AL32: =T32+Z32+AF32 -> 29.43 | AM32: =U32+AA32+AG32 -> 14.715 | AN32: =V32+AB32+AH32 -> 11.03625 | AO32: =IF(I32="Strap","Tensile",IF(P32>0,"Tensile","Shear")) -> Tensile | AP32: =IF(I32="Strap","Tensile",IF(Q32>0,"Tensile","Shear")) -> Shear | AQ32: =IF(I32="Strap","Tensile",IF(R32>0,"Tensile","Shear")) -> Shear | AR32: =W32+AC32+AI32 -> 389.13218 | AS32: =X32+AD32+AJ32 -> 389.13218 | AT32: =Y32+AE32+AK32 -> 518.8429
B33: 24 | C33: EM Mast Capacity Bank fastened to front wall | D33: 10.8 | E33: =D33*$D$3*$D$4 -> 423.792 | F33: =D33*$D$3*$D$5 -> 211.896 | G33: =D33*$D$3*$D$6 -> 158.922 | I33: 8.8 | J33: M6 | K33: =VLOOKUP(J33,'Fastener Data'!$E$3:$G$29,2,FALSE) -> 17.894 | L33: =VLOOKUP(I33,'Fastener Data'!$B$3:$C$18,2,FALSE) -> 640 | M33: =0.5*L33 -> 320 | N33: =K33*L33 -> 11452.16 | O33: =K33*M33 -> 5726.08 | P33: 4 | Q33: 0 | R33: 0 | S33: =SUM(P33:R33) -> 4 | T33: =IF(P33=0,"0",E33/P33) -> 105.948 | U33: =IF(P33=0,"0",F33/P33) -> 52.974 | V33: =IF(P33=0,"0",G33/P33) -> 39.7305 | W33: =IF(T33="0","0",N33/T33) -> 108.09227 | X33: =IF(U33="0","0",O33/U33) -> 108.09227 | Y33: =IF(V33="0","0",O33/V33) -> 144.12303 | Z33: =IF(Q33=0,"0",E33/Q33) -> 0 | AA33: =IF(Q33=0,"0",F33/Q33) -> 0 | AB33: =IF(Q33=0,"0",G33/Q33) -> 0 | AC33: =IF(Z33="0","0",O33/Z33) -> 0 | AD33: =IF(AA33="0","0",N33/AA33) -> 0 | AE33: =IF(AB33="0","0",O33/AB33) -> 0 | AF33: =IF(R33=0,"0",E33/R33) -> 0 | AG33: =IF(R33=0,"0",F33/R33) -> 0 | AH33: =IF(R33=0,"0",G33/R33) -> 0 | AI33: =IF(AF33="0","0",O33/AF33) -> 0 | AJ33: =IF(AG33="0","0",O33/AG33) -> 0 | AK33: =IF(AH33="0","0",N33/AH33) -> 0 | AL33: =T33+Z33+AF33 -> 105.948 | AM33: =U33+AA33+AG33 -> 52.974 | AN33: =V33+AB33+AH33 -> 39.7305 | AO33: =IF(I33="Strap","Tensile",IF(P33>0,"Tensile","Shear")) -> Tensile | AP33: =IF(I33="Strap","Tensile",IF(Q33>0,"Tensile","Shear")) -> Shear | AQ33: =IF(I33="Strap","Tensile",IF(R33>0,"Tensile","Shear")) -> Shear | AR33: =W33+AC33+AI33 -> 108.09227 | AS33: =X33+AD33+AJ33 -> 108.09227 | AT33: =Y33+AE33+AK33 -> 144.12303
B34: 25 | C34: Front Protective Guard fastened to the top beam at Outdoor Facilities Area | D34: 6 | E34: =D34*$D$3*$D$4 -> 235.44 | F34: =D34*$D$3*$D$5 -> 117.72 | G34: =D34*$D$3*$D$6 -> 88.29 | I34: 8.8 | J34: M6 | K34: =VLOOKUP(J34,'Fastener Data'!$E$3:$G$29,2,FALSE) -> 17.894 | L34: =VLOOKUP(I34,'Fastener Data'!$B$3:$C$18,2,FALSE) -> 640 | M34: =L34*0.5 -> 320 | N34: =K34*L34 -> 11452.16 | O34: =K34*M34 -> 5726.08 | P34: 12 | Q34: 0 | R34: 0 | S34: =SUM(P34:R34) -> 12 | T34: =IF(P34=0,"0",E34/P34) -> 19.62 | U34: =IF(P34=0,"0",F34/P34) -> 9.81 | V34: =IF(P34=0,"0",G34/P34) -> 7.3575 | W34: =IF(T34="0","0",N34/T34) -> 583.69827 | X34: =IF(U34="0","0",O34/U34) -> 583.69827 | Y34: =IF(V34="0","0",O34/V34) -> 778.26436 | Z34: =IF(Q34=0,"0",E34/Q34) -> 0 | AA34: =IF(Q34=0,"0",F34/Q34) -> 0 | AB34: =IF(Q34=0,"0",G34/Q34) -> 0 | AC34: =IF(Z34="0","0",O34/Z34) -> 0 | AD34: =IF(AA34="0","0",N34/AA34) -> 0 | AE34: =IF(AB34="0","0",O34/AB34) -> 0 | AF34: =IF(R34=0,"0",E34/R34) -> 0 | AG34: =IF(R34=0,"0",F34/R34) -> 0 | AH34: =IF(R34=0,"0",G34/R34) -> 0 | AI34: =IF(AF34="0","0",O34/AF34) -> 0 | AJ34: =IF(AG34="0","0",O34/AG34) -> 0 | AK34: =IF(AH34="0","0",N34/AH34) -> 0 | AL34: =T34+Z34+AF34 -> 19.62 | AM34: =U34+AA34+AG34 -> 9.81 | AN34: =V34+AB34+AH34 -> 7.3575 | AO34: =IF(I34="Strap","Tensile",IF(P34>0,"Tensile","Shear")) -> Tensile | AP34: =IF(I34="Strap","Tensile",IF(Q34>0,"Tensile","Shear")) -> Shear | AQ34: =IF(I34="Strap","Tensile",IF(R34>0,"Tensile","Shear")) -> Shear | AR34: =W34+AC34+AI34 -> 583.69827 | AS34: =X34+AD34+AJ34 -> 583.69827 | AT34: =Y34+AE34+AK34 -> 778.26436
B35: 26 | C35: Left Protective Guard fastened to the top beam at Outdoor Facilities Area | D35: 6 | E35: =D35*$D$3*$D$4 -> 235.44 | F35: =D35*$D$3*$D$5 -> 117.72 | G35: =D35*$D$3*$D$6 -> 88.29 | I35: 8.8 | J35: M8 | K35: =VLOOKUP(J35,'Fastener Data'!$E$3:$G$29,2,FALSE) -> 32.841 | L35: =VLOOKUP(I35,'Fastener Data'!$B$3:$C$18,2,FALSE) -> 640 | M35: =0.5*L35 -> 320 | N35: =K35*L35 -> 21018.24 | O35: =K35*M35 -> 10509.12 | P35: 0 | Q35: 0 | R35: 12 | S35: =SUM(P35:R35) -> 12 | T35: =IF(P35=0,"0",E35/P35) -> 0 | U35: =IF(P35=0,"0",F35/P35) -> 0 | V35: =IF(P35=0,"0",G35/P35) -> 0 | W35: =IF(T35="0","0",N35/T35) -> 0 | X35: =IF(U35="0","0",O35/U35) -> 0 | Y35: =IF(V35="0","0",O35/V35) -> 0 | Z35: =IF(Q35=0,"0",E35/Q35) -> 0 | AA35: =IF(Q35=0,"0",F35/Q35) -> 0 | AB35: =IF(Q35=0,"0",G35/Q35) -> 0 | AC35: =IF(Z35="0","0",O35/Z35) -> 0 | AD35: =IF(AA35="0","0",N35/AA35) -> 0 | AE35: =IF(AB35="0","0",O35/AB35) -> 0 | AF35: =IF(R35=0,"0",E35/R35) -> 19.62 | AG35: =IF(R35=0,"0",F35/R35) -> 9.81 | AH35: =IF(R35=0,"0",G35/R35) -> 7.3575 | AI35: =IF(AF35="0","0",O35/AF35) -> 535.63303 | AJ35: =IF(AG35="0","0",O35/AG35) -> 1071.2661 | AK35: =IF(AH35="0","0",N35/AH35) -> 2856.7095 | AL35: =T35+Z35+AF35 -> 19.62 | AM35: =U35+AA35+AG35 -> 9.81 | AN35: =V35+AB35+AH35 -> 7.3575 | AO35: =IF(I35="Strap","Tensile",IF(P35>0,"Tensile","Shear")) -> Shear | AP35: =IF(I35="Strap","Tensile",IF(Q35>0,"Tensile","Shear")) -> Shear | AQ35: =IF(I35="Strap","Tensile",IF(R35>0,"Tensile","Shear")) -> Tensile | AR35: =W35+AC35+AI35 -> 535.63303 | AS35: =X35+AD35+AJ35 -> 1071.2661 | AT35: =Y35+AE35+AK35 -> 2856.7095
B36: 27 | C36: Right Protective Guard fastened to the top beam at Outdoor Facilities Area | D36: 4 | E36: =D36*$D$3*$D$4 -> 156.96 | F36: =D36*$D$3*$D$5 -> 78.48 | G36: =D36*$D$3*$D$6 -> 58.86 | I36: 8.8 | J36: M8 | K36: =VLOOKUP(J36,'Fastener Data'!$E$3:$G$29,2,FALSE) -> 32.841 | L36: =VLOOKUP(I36,'Fastener Data'!$B$3:$C$18,2,FALSE) -> 640 | M36: =0.5*L36 -> 320 | N36: =K36*L36 -> 21018.24 | O36: =K36*M36 -> 10509.12 | P36: 0 | Q36: 0 | R36: 8 | S36: =SUM(P36:R36) -> 8 | T36: =IF(P36=0,"0",E36/P36) -> 0 | U36: =IF(P36=0,"0",F36/P36) -> 0 | V36: =IF(P36=0,"0",G36/P36) -> 0 | W36: =IF(T36="0","0",N36/T36) -> 0 | X36: =IF(U36="0","0",O36/U36) -> 0 | Y36: =IF(V36="0","0",O36/V36) -> 0 | Z36: =IF(Q36=0,"0",E36/Q36) -> 0 | AA36: =IF(Q36=0,"0",F36/Q36) -> 0 | AB36: =IF(Q36=0,"0",G36/Q36) -> 0 | AC36: =IF(Z36="0","0",O36/Z36) -> 0 | AD36: =IF(AA36="0","0",N36/AA36) -> 0 | AE36: =IF(AB36="0","0",O36/AB36) -> 0 | AF36: =IF(R36=0,"0",E36/R36) -> 19.62 | AG36: =IF(R36=0,"0",F36/R36) -> 9.81 | AH36: =IF(R36=0,"0",G36/R36) -> 7.3575 | AI36: =IF(AF36="0","0",O36/AF36) -> 535.63303 | AJ36: =IF(AG36="0","0",O36/AG36) -> 1071.2661 | AK36: =IF(AH36="0","0",N36/AH36) -> 2856.7095 | AL36: =T36+Z36+AF36 -> 19.62 | AM36: =U36+AA36+AG36 -> 9.81 | AN36: =V36+AB36+AH36 -> 7.3575 | AO36: =IF(I36="Strap","Tensile",IF(P36>0,"Tensile","Shear")) -> Shear | AP36: =IF(I36="Strap","Tensile",IF(Q36>0,"Tensile","Shear")) -> Shear | AQ36: =IF(I36="Strap","Tensile",IF(R36>0,"Tensile","Shear")) -> Tensile | AR36: =W36+AC36+AI36 -> 535.63303 | AS36: =X36+AD36+AJ36 -> 1071.2661 | AT36: =Y36+AE36+AK36 -> 2856.7095
B37: 28 | C37: Lower Guard Front (1, 2) fastened to the front beams at Outdoor Facilities Area | D37: 3 | E37: =D37*$D$3*$D$4 -> 117.72 | F37: =D37*$D$3*$D$5 -> 58.86 | G37: =D37*$D$3*$D$6 -> 44.145 | I37: 8.8 | J37: M6 | K37: =VLOOKUP(J37,'Fastener Data'!$E$3:$G$29,2,FALSE) -> 17.894 | L37: =VLOOKUP(I37,'Fastener Data'!$B$3:$C$18,2,FALSE) -> 640 | M37: =L37*0.5 -> 320 | N37: =K37*L37 -> 11452.16 | O37: =K37*M37 -> 5726.08 | P37: 6 | Q37: 0 | R37: 0 | S37: =SUM(P37:R37) -> 6 | T37: =IF(P37=0,"0",E37/P37) -> 19.62 | U37: =IF(P37=0,"0",F37/P37) -> 9.81 | V37: =IF(P37=0,"0",G37/P37) -> 7.3575 | W37: =IF(T37="0","0",N37/T37) -> 583.69827 | X37: =IF(U37="0","0",O37/U37) -> 583.69827 | Y37: =IF(V37="0","0",O37/V37) -> 778.26436 | Z37: =IF(Q37=0,"0",E37/Q37) -> 0 | AA37: =IF(Q37=0,"0",F37/Q37) -> 0 | AB37: =IF(Q37=0,"0",G37/Q37) -> 0 | AC37: =IF(Z37="0","0",O37/Z37) -> 0 | AD37: =IF(AA37="0","0",N37/AA37) -> 0 | AE37: =IF(AB37="0","0",O37/AB37) -> 0 | AF37: =IF(R37=0,"0",E37/R37) -> 0 | AG37: =IF(R37=0,"0",F37/R37) -> 0 | AH37: =IF(R37=0,"0",G37/R37) -> 0 | AI37: =IF(AF37="0","0",O37/AF37) -> 0 | AJ37: =IF(AG37="0","0",O37/AG37) -> 0 | AK37: =IF(AH37="0","0",N37/AH37) -> 0 | AL37: =T37+Z37+AF37 -> 19.62 | AM37: =U37+AA37+AG37 -> 9.81 | AN37: =V37+AB37+AH37 -> 7.3575 | AO37: =IF(I37="Strap","Tensile",IF(P37>0,"Tensile","Shear")) -> Tensile | AP37: =IF(I37="Strap","Tensile",IF(Q37>0,"Tensile","Shear")) -> Shear | AQ37: =IF(I37="Strap","Tensile",IF(R37>0,"Tensile","Shear")) -> Shear | AR37: =W37+AC37+AI37 -> 583.69827 | AS37: =X37+AD37+AJ37 -> 583.69827 | AT37: =Y37+AE37+AK37 -> 778.26436
B38: 29 | C38: Lower Guard Left (1, 2) & Lower Guard Right fastened to the side beams at Outdoor Facilities Area | D38: 3 | E38: =D38*$D$3*$D$4 -> 117.72 | F38: =D38*$D$3*$D$5 -> 58.86 | G38: =D38*$D$3*$D$6 -> 44.145 | I38: 8.8 | J38: M6 | K38: =VLOOKUP(J38,'Fastener Data'!$E$3:$G$29,2,FALSE) -> 17.894 | L38: =VLOOKUP(I38,'Fastener Data'!$B$3:$C$18,2,FALSE) -> 640 | M38: =0.5*L38 -> 320 | N38: =K38*L38 -> 11452.16 | O38: =K38*M38 -> 5726.08 | P38: 0 | Q38: 8 | R38: 0 | S38: =SUM(P38:R38) -> 8 | T38: =IF(P38=0,"0",E38/P38) -> 0 | U38: =IF(P38=0,"0",F38/P38) -> 0 | V38: =IF(P38=0,"0",G38/P38) -> 0 | W38: =IF(T38="0","0",N38/T38) -> 0 | X38: =IF(U38="0","0",O38/U38) -> 0 | Y38: =IF(V38="0","0",O38/V38) -> 0 | Z38: =IF(Q38=0,"0",E38/Q38) -> 14.715 | AA38: =IF(Q38=0,"0",F38/Q38) -> 7.3575 | AB38: =IF(Q38=0,"0",G38/Q38) -> 5.518125 | AC38: =IF(Z38="0","0",O38/Z38) -> 389.13218 | AD38: =IF(AA38="0","0",N38/AA38) -> 1556.5287 | AE38: =IF(AB38="0","0",O38/AB38) -> 1037.6858 | AF38: =IF(R38=0,"0",E38/R38) -> 0 | AG38: =IF(R38=0,"0",F38/R38) -> 0 | AH38: =IF(R38=0,"0",G38/R38) -> 0 | AI38: =IF(AF38="0","0",O38/AF38) -> 0 | AJ38: =IF(AG38="0","0",O38/AG38) -> 0 | AK38: =IF(AH38="0","0",N38/AH38) -> 0 | AL38: =T38+Z38+AF38 -> 14.715 | AM38: =U38+AA38+AG38 -> 7.3575 | AN38: =V38+AB38+AH38 -> 5.518125 | AO38: =IF(I38="Strap","Tensile",IF(P38>0,"Tensile","Shear")) -> Shear | AP38: =IF(I38="Strap","Tensile",IF(Q38>0,"Tensile","Shear")) -> Tensile | AQ38: =IF(I38="Strap","Tensile",IF(R38>0,"Tensile","Shear")) -> Shear | AR38: =W38+AC38+AI38 -> 389.13218 | AS38: =X38+AD38+AJ38 -> 1556.5287 | AT38: =Y38+AE38+AK38 -> 1037.6858
B39: 30 | C39: ODU Guard (1, 2) fastened to the left side beams at Outdoor Facilities Area | D39: 4 | E39: =D39*$D$3*$D$4 -> 156.96 | F39: =D39*$D$3*$D$5 -> 78.48 | G39: =D39*$D$3*$D$6 -> 58.86 | I39: 8.8 | J39: M6 | K39: =VLOOKUP(J39,'Fastener Data'!$E$3:$G$29,2,FALSE) -> 17.894 | L39: =VLOOKUP(I39,'Fastener Data'!$B$3:$C$18,2,FALSE) -> 640 | M39: =0.5*L39 -> 320 | N39: =K39*L39 -> 11452.16 | O39: =K39*M39 -> 5726.08 | P39: 0 | Q39: 0 | R39: 6 | S39: =SUM(P39:R39) -> 6 | T39: =IF(P39=0,"0",E39/P39) -> 0 | U39: =IF(P39=0,"0",F39/P39) -> 0 | V39: =IF(P39=0,"0",G39/P39) -> 0 | W39: =IF(T39="0","0",N39/T39) -> 0 | X39: =IF(U39="0","0",O39/U39) -> 0 | Y39: =IF(V39="0","0",O39/V39) -> 0 | Z39: =IF(Q39=0,"0",E39/Q39) -> 0 | AA39: =IF(Q39=0,"0",F39/Q39) -> 0 | AB39: =IF(Q39=0,"0",G39/Q39) -> 0 | AC39: =IF(Z39="0","0",O39/Z39) -> 0 | AD39: =IF(AA39="0","0",N39/AA39) -> 0 | AE39: =IF(AB39="0","0",O39/AB39) -> 0 | AF39: =IF(R39=0,"0",E39/R39) -> 26.16 | AG39: =IF(R39=0,"0",F39/R39) -> 13.08 | AH39: =IF(R39=0,"0",G39/R39) -> 9.81 | AI39: =IF(AF39="0","0",O39/AF39) -> 218.88685 | AJ39: =IF(AG39="0","0",O39/AG39) -> 437.7737 | AK39: =IF(AH39="0","0",N39/AH39) -> 1167.3965 | AL39: =T39+Z39+AF39 -> 26.16 | AM39: =U39+AA39+AG39 -> 13.08 | AN39: =V39+AB39+AH39 -> 9.81 | AO39: =IF(I39="Strap","Tensile",IF(P39>0,"Tensile","Shear")) -> Shear | AP39: =IF(I39="Strap","Tensile",IF(Q39>0,"Tensile","Shear")) -> Shear | AQ39: =IF(I39="Strap","Tensile",IF(R39>0,"Tensile","Shear")) -> Tensile | AR39: =W39+AC39+AI39 -> 218.88685 | AS39: =X39+AD39+AJ39 -> 437.7737 | AT39: =Y39+AE39+AK39 -> 1167.3965
B40: 31 | C40: LTE Antenna Big (1,2,3) fastened on top of the EM mast | D40: 7 | E40: =D40*$D$3*$D$4 -> 274.68 | F40: =D40*$D$3*$D$5 -> 137.34 | G40: =D40*$D$3*$D$6 -> 103.005 | I40: 8.8 | J40: M8 | K40: =VLOOKUP(J40,'Fastener Data'!$E$3:$G$29,2,FALSE) -> 32.841 | L40: =VLOOKUP(I40,'Fastener Data'!$B$3:$C$18,2,FALSE) -> 640 | M40: =L40*0.5 -> 320 | N40: =K40*L40 -> 21018.24 | O40: =K40*M40 -> 10509.12 | P40: 0 | Q40: 0 | R40: 4 | S40: =SUM(P40:R40) -> 4 | T40: =IF(P40=0,"0",E40/P40) -> 0 | U40: =IF(P40=0,"0",F40/P40) -> 0 | V40: =IF(P40=0,"0",G40/P40) -> 0 | W40: =IF(T40="0","0",N40/T40) -> 0 | X40: =IF(U40="0","0",O40/U40) -> 0 | Y40: =IF(V40="0","0",O40/V40) -> 0 | Z40: =IF(Q40=0,"0",E40/Q40) -> 0 | AA40: =IF(Q40=0,"0",F40/Q40) -> 0 | AB40: =IF(Q40=0,"0",G40/Q40) -> 0 | AC40: =IF(Z40="0","0",O40/Z40) -> 0 | AD40: =IF(AA40="0","0",N40/AA40) -> 0 | AE40: =IF(AB40="0","0",O40/AB40) -> 0 | AF40: =IF(R40=0,"0",E40/R40) -> 68.67 | AG40: =IF(R40=0,"0",F40/R40) -> 34.335 | AH40: =IF(R40=0,"0",G40/R40) -> 25.75125 | AI40: =IF(AF40="0","0",O40/AF40) -> 153.03801 | AJ40: =IF(AG40="0","0",O40/AG40) -> 306.07602 | AK40: =IF(AH40="0","0",N40/AH40) -> 816.20271 | AL40: =T40+Z40+AF40 -> 68.67 | AM40: =U40+AA40+AG40 -> 34.335 | AN40: =V40+AB40+AH40 -> 25.75125 | AO40: =IF(I40="Strap","Tensile",IF(P40>0,"Tensile","Shear")) -> Shear | AP40: =IF(I40="Strap","Tensile",IF(Q40>0,"Tensile","Shear")) -> Shear | AQ40: =IF(I40="Strap","Tensile",IF(R40>0,"Tensile","Shear")) -> Tensile | AR40: =W40+AC40+AI40 -> 153.03801 | AS40: =X40+AD40+AJ40 -> 306.07602 | AT40: =Y40+AE40+AK40 -> 816.20271
B41: 32 | C41: LTE Antenna Small (1,2,3) fastened on top of the EM mast | D41: 2.8 | E41: =D41*$D$3*$D$4 -> 109.872 | F41: =D41*$D$3*$D$5 -> 54.936 | G41: =D41*$D$3*$D$6 -> 41.202 | I41: 8.8 | J41: M8 | K41: =VLOOKUP(J41,'Fastener Data'!$E$3:$G$29,2,FALSE) -> 32.841 | L41: =VLOOKUP(I41,'Fastener Data'!$B$3:$C$18,2,FALSE) -> 640 | M41: =0.5*L41 -> 320 | N41: =K41*L41 -> 21018.24 | O41: =K41*M41 -> 10509.12 | P41: 0 | Q41: 0 | R41: 4 | S41: =SUM(P41:R41) -> 4 | T41: =IF(P41=0,"0",E41/P41) -> 0 | U41: =IF(P41=0,"0",F41/P41) -> 0 | V41: =IF(P41=0,"0",G41/P41) -> 0 | W41: =IF(T41="0","0",N41/T41) -> 0 | X41: =IF(U41="0","0",O41/U41) -> 0 | Y41: =IF(V41="0","0",O41/V41) -> 0 | Z41: =IF(Q41=0,"0",E41/Q41) -> 0 | AA41: =IF(Q41=0,"0",F41/Q41) -> 0 | AB41: =IF(Q41=0,"0",G41/Q41) -> 0 | AC41: =IF(Z41="0","0",O41/Z41) -> 0 | AD41: =IF(AA41="0","0",N41/AA41) -> 0 | AE41: =IF(AB41="0","0",O41/AB41) -> 0 | AF41: =IF(R41=0,"0",E41/R41) -> 27.468 | AG41: =IF(R41=0,"0",F41/R41) -> 13.734 | AH41: =IF(R41=0,"0",G41/R41) -> 10.3005 | AI41: =IF(AF41="0","0",O41/AF41) -> 382.59502 | AJ41: =IF(AG41="0","0",O41/AG41) -> 765.19004 | AK41: =IF(AH41="0","0",N41/AH41) -> 2040.5068 | AL41: =T41+Z41+AF41 -> 27.468 | AM41: =U41+AA41+AG41 -> 13.734 | AN41: =V41+AB41+AH41 -> 10.3005 | AO41: =IF(I41="Strap","Tensile",IF(P41>0,"Tensile","Shear")) -> Shear | AP41: =IF(I41="Strap","Tensile",IF(Q41>0,"Tensile","Shear")) -> Shear | AQ41: =IF(I41="Strap","Tensile",IF(R41>0,"Tensile","Shear")) -> Tensile | AR41: =W41+AC41+AI41 -> 382.59502 | AS41: =X41+AD41+AJ41 -> 765.19004 | AT41: =Y41+AE41+AK41 -> 2040.5068
B42: 33 | C42: LTE Antenna Mounting w/ LTE Antennas fastened on top of the EM mast | D42: 91 | E42: =D42*$D$3*$D$4 -> 3570.84 | F42: =D42*$D$3*$D$5 -> 1785.42 | G42: =D42*$D$3*$D$6 -> 1339.065 | I42: 8.8 | J42: 1/4-20 | K42: =VLOOKUP(J42,'Fastener Data'!$E$3:$G$29,2,FALSE) -> 21.711909 | L42: =VLOOKUP(I42,'Fastener Data'!$B$3:$C$18,2,FALSE) -> 640 | M42: =0.5*L42 -> 320 | N42: =K42*L42 -> 13895.622 | O42: =K42*M42 -> 6947.8108 | P42: 0 | Q42: 6 | R42: 0 | S42: =SUM(P42:R42) -> 6 | T42: =IF(P42=0,"0",E42/P42) -> 0 | U42: =IF(P42=0,"0",F42/P42) -> 0 | V42: =IF(P42=0,"0",G42/P42) -> 0 | W42: =IF(T42="0","0",N42/T42) -> 0 | X42: =IF(U42="0","0",O42/U42) -> 0 | Y42: =IF(V42="0","0",O42/V42) -> 0 | Z42: =IF(Q42=0,"0",E42/Q42) -> 595.14 | AA42: =IF(Q42=0,"0",F42/Q42) -> 297.57 | AB42: =IF(Q42=0,"0",G42/Q42) -> 223.1775 | AC42: =IF(Z42="0","0",O42/Z42) -> 11.674246 | AD42: =IF(AA42="0","0",N42/AA42) -> 46.696984 | AE42: =IF(AB42="0","0",O42/AB42) -> 31.131323 | AF42: =IF(R42=0,"0",E42/R42) -> 0 | AG42: =IF(R42=0,"0",F42/R42) -> 0 | AH42: =IF(R42=0,"0",G42/R42) -> 0 | AI42: =IF(AF42="0","0",O42/AF42) -> 0 | AJ42: =IF(AG42="0","0",O42/AG42) -> 0 | AK42: =IF(AH42="0","0",N42/AH42) -> 0 | AL42: =T42+Z42+AF42 -> 595.14 | AM42: =U42+AA42+AG42 -> 297.57 | AN42: =V42+AB42+AH42 -> 223.1775 | AO42: =IF(I42="Strap","Tensile",IF(P42>0,"Tensile","Shear")) -> Shear | AP42: =IF(I42="Strap","Tensile",IF(Q42>0,"Tensile","Shear")) -> Tensile | AQ42: =IF(I42="Strap","Tensile",IF(R42>0,"Tensile","Shear")) -> Shear | AR42: =W42+AC42+AI42 -> 11.674246 | AS42: =X42+AD42+AJ42 -> 46.696984 | AT42: =Y42+AE42+AK42 -> 31.131323
B43: 34 | C43: FRAA (1,2,3) fastened to front wall | D43: 16.2 | E43: =D43*$D$3*$D$4 -> 635.688 | F43: =D43*$D$3*$D$5 -> 317.844 | G43: =D43*$D$3*$D$6 -> 238.383 | I43: 8.8 | J43: M8 | K43: =VLOOKUP(J43,'Fastener Data'!$E$3:$G$29,2,FALSE) -> 32.841 | L43: =VLOOKUP(I43,'Fastener Data'!$B$3:$C$18,2,FALSE) -> 640 | M43: =0.5*L43 -> 320 | N43: =K43*L43 -> 21018.24 | O43: =K43*M43 -> 10509.12 | P43: 4 | Q43: 0 | R43: 0 | S43: =SUM(P43:R43) -> 4 | T43: =IF(P43=0,"0",E43/P43) -> 158.922 | U43: =IF(P43=0,"0",F43/P43) -> 79.461 | V43: =IF(P43=0,"0",G43/P43) -> 59.59575 | W43: =IF(T43="0","0",N43/T43) -> 132.25507 | X43: =IF(U43="0","0",O43/U43) -> 132.25507 | Y43: =IF(V43="0","0",O43/V43) -> 176.34009 | Z43: =IF(Q43=0,"0",E43/Q43) -> 0 | AA43: =IF(Q43=0,"0",F43/Q43) -> 0 | AB43: =IF(Q43=0,"0",G43/Q43) -> 0 | AC43: =IF(Z43="0","0",O43/Z43) -> 0 | AD43: =IF(AA43="0","0",N43/AA43) -> 0 | AE43: =IF(AB43="0","0",O43/AB43) -> 0 | AF43: =IF(R43=0,"0",E43/R43) -> 0 | AG43: =IF(R43=0,"0",F43/R43) -> 0 | AH43: =IF(R43=0,"0",G43/R43) -> 0 | AI43: =IF(AF43="0","0",O43/AF43) -> 0 | AJ43: =IF(AG43="0","0",O43/AG43) -> 0 | AK43: =IF(AH43="0","0",N43/AH43) -> 0 | AL43: =T43+Z43+AF43 -> 158.922 | AM43: =U43+AA43+AG43 -> 79.461 | AN43: =V43+AB43+AH43 -> 59.59575 | AO43: =IF(I43="Strap","Tensile",IF(P43>0,"Tensile","Shear")) -> Tensile | AP43: =IF(I43="Strap","Tensile",IF(Q43>0,"Tensile","Shear")) -> Shear | AQ43: =IF(I43="Strap","Tensile",IF(R43>0,"Tensile","Shear")) -> Shear | AR43: =W43+AC43+AI43 -> 132.25507 | AS43: =X43+AD43+AJ43 -> 132.25507 | AT43: =Y43+AE43+AK43 -> 176.34009
B44: 35 | C44: AHCF (1,2) fastened to front wall | D44: 19.2 | E44: =D44*$D$3*$D$4 -> 753.408 | F44: =D44*$D$3*$D$5 -> 376.704 | G44: =D44*$D$3*$D$6 -> 282.528 | I44: 8.8 | J44: M8 | K44: =VLOOKUP(J44,'Fastener Data'!$E$3:$G$29,2,FALSE) -> 32.841 | L44: =VLOOKUP(I44,'Fastener Data'!$B$3:$C$18,2,FALSE) -> 640 | M44: =L44*0.5 -> 320 | N44: =K44*L44 -> 21018.24 | O44: =K44*M44 -> 10509.12 | P44: 4 | Q44: 0 | R44: 0 | S44: =SUM(P44:R44) -> 4 | T44: =IF(P44=0,"0",E44/P44) -> 188.352 | U44: =IF(P44=0,"0",F44/P44) -> 94.176 | V44: =IF(P44=0,"0",G44/P44) -> 70.632 | W44: =IF(T44="0","0",N44/T44) -> 111.59021 | X44: =IF(U44="0","0",O44/U44) -> 111.59021 | Y44: =IF(V44="0","0",O44/V44) -> 148.78695 | Z44: =IF(Q44=0,"0",E44/Q44) -> 0 | AA44: =IF(Q44=0,"0",F44/Q44) -> 0 | AB44: =IF(Q44=0,"0",G44/Q44) -> 0 | AC44: =IF(Z44="0","0",O44/Z44) -> 0 | AD44: =IF(AA44="0","0",N44/AA44) -> 0 | AE44: =IF(AB44="0","0",O44/AB44) -> 0 | AF44: =IF(R44=0,"0",E44/R44) -> 0 | AG44: =IF(R44=0,"0",F44/R44) -> 0 | AH44: =IF(R44=0,"0",G44/R44) -> 0 | AI44: =IF(AF44="0","0",O44/AF44) -> 0 | AJ44: =IF(AG44="0","0",O44/AG44) -> 0 | AK44: =IF(AH44="0","0",N44/AH44) -> 0 | AL44: =T44+Z44+AF44 -> 188.352 | AM44: =U44+AA44+AG44 -> 94.176 | AN44: =V44+AB44+AH44 -> 70.632 | AO44: =IF(I44="Strap","Tensile",IF(P44>0,"Tensile","Shear")) -> Tensile | AP44: =IF(I44="Strap","Tensile",IF(Q44>0,"Tensile","Shear")) -> Shear | AQ44: =IF(I44="Strap","Tensile",IF(R44>0,"Tensile","Shear")) -> Shear | AR44: =W44+AC44+AI44 -> 111.59021 | AS44: =X44+AD44+AJ44 -> 111.59021 | AT44: =Y44+AE44+AK44 -> 148.78695
B45: 36 | C45: AHCF Filter (1,2,3) fastened to front wall | D45: 7 | E45: =D45*$D$3*$D$4 -> 274.68 | F45: =D45*$D$3*$D$5 -> 137.34 | G45: =D45*$D$3*$D$6 -> 103.005 | I45: 8.8 | J45: M8 | K45: =VLOOKUP(J45,'Fastener Data'!$E$3:$G$29,2,FALSE) -> 32.841 | L45: =VLOOKUP(I45,'Fastener Data'!$B$3:$C$18,2,FALSE) -> 640 | M45: =0.5*L45 -> 320 | N45: =K45*L45 -> 21018.24 | O45: =K45*M45 -> 10509.12 | P45: 4 | Q45: 0 | R45: 0 | S45: =SUM(P45:R45) -> 4 | T45: =IF(P45=0,"0",E45/P45) -> 68.67 | U45: =IF(P45=0,"0",F45/P45) -> 34.335 | V45: =IF(P45=0,"0",G45/P45) -> 25.75125 | W45: =IF(T45="0","0",N45/T45) -> 306.07602 | X45: =IF(U45="0","0",O45/U45) -> 306.07602 | Y45: =IF(V45="0","0",O45/V45) -> 408.10135 | Z45: =IF(Q45=0,"0",E45/Q45) -> 0 | AA45: =IF(Q45=0,"0",F45/Q45) -> 0 | AB45: =IF(Q45=0,"0",G45/Q45) -> 0 | AC45: =IF(Z45="0","0",O45/Z45) -> 0 | AD45: =IF(AA45="0","0",N45/AA45) -> 0 | AE45: =IF(AB45="0","0",O45/AB45) -> 0 | AF45: =IF(R45=0,"0",E45/R45) -> 0 | AG45: =IF(R45=0,"0",F45/R45) -> 0 | AH45: =IF(R45=0,"0",G45/R45) -> 0 | AI45: =IF(AF45="0","0",O45/AF45) -> 0 | AJ45: =IF(AG45="0","0",O45/AG45) -> 0 | AK45: =IF(AH45="0","0",N45/AH45) -> 0 | AL45: =T45+Z45+AF45 -> 68.67 | AM45: =U45+AA45+AG45 -> 34.335 | AN45: =V45+AB45+AH45 -> 25.75125 | AO45: =IF(I45="Strap","Tensile",IF(P45>0,"Tensile","Shear")) -> Tensile | AP45: =IF(I45="Strap","Tensile",IF(Q45>0,"Tensile","Shear")) -> Shear | AQ45: =IF(I45="Strap","Tensile",IF(R45>0,"Tensile","Shear")) -> Shear | AR45: =W45+AC45+AI45 -> 306.07602 | AS45: =X45+AD45+AJ45 -> 306.07602 | AT45: =Y45+AE45+AK45 -> 408.10135
B46: 37 | C46: LTE Cable Drum fastened to the floor at EM Mast Compartment | D46: 60 | E46: =D46*$D$3*$D$4 -> 2354.4 | F46: =D46*$D$3*$D$5 -> 1177.2 | G46: =D46*$D$3*$D$6 -> 882.9 | I46: 8.8 | J46: M8 | K46: =VLOOKUP(J46,'Fastener Data'!$E$3:$G$29,2,FALSE) -> 32.841 | L46: =VLOOKUP(I46,'Fastener Data'!$B$3:$C$18,2,FALSE) -> 640 | M46: =0.5*L46 -> 320 | N46: =K46*L46 -> 21018.24 | O46: =K46*M46 -> 10509.12 | P46: 0 | Q46: 4 | R46: 0 | S46: =SUM(P46:R46) -> 4 | T46: =IF(P46=0,"0",E46/P46) -> 0 | U46: =IF(P46=0,"0",F46/P46) -> 0 | V46: =IF(P46=0,"0",G46/P46) -> 0 | W46: =IF(T46="0","0",N46/T46) -> 0 | X46: =IF(U46="0","0",O46/U46) -> 0 | Y46: =IF(V46="0","0",O46/V46) -> 0 | Z46: =IF(Q46=0,"0",E46/Q46) -> 588.6 | AA46: =IF(Q46=0,"0",F46/Q46) -> 294.3 | AB46: =IF(Q46=0,"0",G46/Q46) -> 220.725 | AC46: =IF(Z46="0","0",O46/Z46) -> 17.854434 | AD46: =IF(AA46="0","0",N46/AA46) -> 71.417737 | AE46: =IF(AB46="0","0",O46/AB46) -> 47.611825 | AF46: =IF(R46=0,"0",E46/R46) -> 0 | AG46: =IF(R46=0,"0",F46/R46) -> 0 | AH46: =IF(R46=0,"0",G46/R46) -> 0 | AI46: =IF(AF46="0","0",O46/AF46) -> 0 | AJ46: =IF(AG46="0","0",O46/AG46) -> 0 | AK46: =IF(AH46="0","0",N46/AH46) -> 0 | AL46: =T46+Z46+AF46 -> 588.6 | AM46: =U46+AA46+AG46 -> 294.3 | AN46: =V46+AB46+AH46 -> 220.725 | AO46: =IF(I46="Strap","Tensile",IF(P46>0,"Tensile","Shear")) -> Shear | AP46: =IF(I46="Strap","Tensile",IF(Q46>0,"Tensile","Shear")) -> Tensile | AQ46: =IF(I46="Strap","Tensile",IF(R46>0,"Tensile","Shear")) -> Shear | AR46: =W46+AC46+AI46 -> 17.854434 | AS46: =X46+AD46+AJ46 -> 71.417737 | AT46: =Y46+AE46+AK46 -> 47.611825
B47: 38 | C47: GPS fastened to the front wall at EM Mast Compartment | D47: 2 | E47: =D47*$D$3*$D$4 -> 78.48 | F47: =D47*$D$3*$D$5 -> 39.24 | G47: =D47*$D$3*$D$6 -> 29.43 | I47: 8.8 | J47: M6 | K47: =VLOOKUP(J47,'Fastener Data'!$E$3:$G$29,2,FALSE) -> 17.894 | L47: =VLOOKUP(I47,'Fastener Data'!$B$3:$C$18,2,FALSE) -> 640 | M47: =0.5*L47 -> 320 | N47: =K47*L47 -> 11452.16 | O47: =K47*M47 -> 5726.08 | P47: 2 | Q47: 0 | R47: 0 | S47: =SUM(P47:R47) -> 2 | T47: =IF(P47=0,"0",E47/P47) -> 39.24 | U47: =IF(P47=0,"0",F47/P47) -> 19.62 | V47: =IF(P47=0,"0",G47/P47) -> 14.715 | W47: =IF(T47="0","0",N47/T47) -> 291.84913 | X47: =IF(U47="0","0",O47/U47) -> 291.84913 | Y47: =IF(V47="0","0",O47/V47) -> 389.13218 | Z47: =IF(Q47=0,"0",E47/Q47) -> 0 | AA47: =IF(Q47=0,"0",F47/Q47) -> 0 | AB47: =IF(Q47=0,"0",G47/Q47) -> 0 | AC47: =IF(Z47="0","0",O47/Z47) -> 0 | AD47: =IF(AA47="0","0",N47/AA47) -> 0 | AE47: =IF(AB47="0","0",O47/AB47) -> 0 | AF47: =IF(R47=0,"0",E47/R47) -> 0 | AG47: =IF(R47=0,"0",F47/R47) -> 0 | AH47: =IF(R47=0,"0",G47/R47) -> 0 | AI47: =IF(AF47="0","0",O47/AF47) -> 0 | AJ47: =IF(AG47="0","0",O47/AG47) -> 0 | AK47: =IF(AH47="0","0",N47/AH47) -> 0 | AL47: =T47+Z47+AF47 -> 39.24 | AM47: =U47+AA47+AG47 -> 19.62 | AN47: =V47+AB47+AH47 -> 14.715 | AO47: =IF(I47="Strap","Tensile",IF(P47>0,"Tensile","Shear")) -> Tensile | AP47: =IF(I47="Strap","Tensile",IF(Q47>0,"Tensile","Shear")) -> Shear | AQ47: =IF(I47="Strap","Tensile",IF(R47>0,"Tensile","Shear")) -> Shear | AR47: =W47+AC47+AI47 -> 291.84913 | AS47: =X47+AD47+AJ47 -> 291.84913 | AT47: =Y47+AE47+AK47 -> 389.13218
B48: 39 | C48: 4 Gang Racks with Mounting Plate and Shock Mount fastened to the floor at Equipment Room | D48: 850 | E48: =D48*$D$3*$D$4 -> 33354 | F48: =D48*$D$3*$D$5 -> 16677 | G48: =D48*$D$3*$D$6 -> 12507.75 | I48: 8.8 | J48: M6 | K48: =VLOOKUP(J48,'Fastener Data'!$E$3:$G$29,2,FALSE) -> 17.894 | L48: =VLOOKUP(I48,'Fastener Data'!$B$3:$C$18,2,FALSE) -> 640 | M48: =L48*0.5 -> 320 | N48: =K48*L48 -> 11452.16 | O48: =K48*M48 -> 5726.08 | P48: 0 | Q48: 24 | R48: 0 | S48: =SUM(P48:R48) -> 24 | T48: =IF(P48=0,"0",E48/P48) -> 0 | U48: =IF(P48=0,"0",F48/P48) -> 0 | V48: =IF(P48=0,"0",G48/P48) -> 0 | W48: =IF(T48="0","0",N48/T48) -> 0 | X48: =IF(U48="0","0",O48/U48) -> 0 | Y48: =IF(V48="0","0",O48/V48) -> 0 | Z48: =IF(Q48=0,"0",E48/Q48) -> 1389.75 | AA48: =IF(Q48=0,"0",F48/Q48) -> 694.875 | AB48: =IF(Q48=0,"0",G48/Q48) -> 521.15625 | AC48: =IF(Z48="0","0",O48/Z48) -> 4.1202231 | AD48: =IF(AA48="0","0",N48/AA48) -> 16.480892 | AE48: =IF(AB48="0","0",O48/AB48) -> 10.987261 | AF48: =IF(R48=0,"0",E48/R48) -> 0 | AG48: =IF(R48=0,"0",F48/R48) -> 0 | AH48: =IF(R48=0,"0",G48/R48) -> 0 | AI48: =IF(AF48="0","0",O48/AF48) -> 0 | AJ48: =IF(AG48="0","0",O48/AG48) -> 0 | AK48: =IF(AH48="0","0",N48/AH48) -> 0 | AL48: =T48+Z48+AF48 -> 1389.75 | AM48: =U48+AA48+AG48 -> 694.875 | AN48: =V48+AB48+AH48 -> 521.15625 | AO48: =IF(I48="Strap","Tensile",IF(P48>0,"Tensile","Shear")) -> Shear | AP48: =IF(I48="Strap","Tensile",IF(Q48>0,"Tensile","Shear")) -> Tensile | AQ48: =IF(I48="Strap","Tensile",IF(R48>0,"Tensile","Shear")) -> Shear | AR48: =W48+AC48+AI48 -> 4.1202231 | AS48: =X48+AD48+AJ48 -> 16.480892 | AT48: =Y48+AE48+AK48 -> 10.987261
B49: 40 | C49: Power Entry Panel fastened to utility rack at the kerbside | D49: 15 | E49: =D49*$D$3*$D$4 -> 588.6 | F49: =D49*$D$3*$D$5 -> 294.3 | G49: =D49*$D$3*$D$6 -> 220.725 | I49: 8.8 | J49: M6 | K49: =VLOOKUP(J49,'Fastener Data'!$E$3:$G$29,2,FALSE) -> 17.894 | L49: =VLOOKUP(I49,'Fastener Data'!$B$3:$C$18,2,FALSE) -> 640 | M49: =L49*0.5 -> 320 | N49: =K49*L49 -> 11452.16 | O49: =K49*M49 -> 5726.08 | P49: 0 | Q49: 0 | R49: 16 | S49: =SUM(P49:R49) -> 16 | T49: =IF(P49=0,"0",E49/P49) -> 0 | U49: =IF(P49=0,"0",F49/P49) -> 0 | V49: =IF(P49=0,"0",G49/P49) -> 0 | W49: =IF(T49="0","0",N49/T49) -> 0 | X49: =IF(U49="0","0",O49/U49) -> 0 | Y49: =IF(V49="0","0",O49/V49) -> 0 | Z49: =IF(Q49=0,"0",E49/Q49) -> 0 | AA49: =IF(Q49=0,"0",F49/Q49) -> 0 | AB49: =IF(Q49=0,"0",G49/Q49) -> 0 | AC49: =IF(Z49="0","0",O49/Z49) -> 0 | AD49: =IF(AA49="0","0",N49/AA49) -> 0 | AE49: =IF(AB49="0","0",O49/AB49) -> 0 | AF49: =IF(R49=0,"0",E49/R49) -> 36.7875 | AG49: =IF(R49=0,"0",F49/R49) -> 18.39375 | AH49: =IF(R49=0,"0",G49/R49) -> 13.795313 | AI49: =IF(AF49="0","0",O49/AF49) -> 155.65287 | AJ49: =IF(AG49="0","0",O49/AG49) -> 311.30574 | AK49: =IF(AH49="0","0",N49/AH49) -> 830.14865 | AL49: =T49+Z49+AF49 -> 36.7875 | AM49: =U49+AA49+AG49 -> 18.39375 | AN49: =V49+AB49+AH49 -> 13.795313 | AO49: =IF(I49="Strap","Tensile",IF(P49>0,"Tensile","Shear")) -> Shear | AP49: =IF(I49="Strap","Tensile",IF(Q49>0,"Tensile","Shear")) -> Shear | AQ49: =IF(I49="Strap","Tensile",IF(R49>0,"Tensile","Shear")) -> Tensile | AR49: =W49+AC49+AI49 -> 155.65287 | AS49: =X49+AD49+AJ49 -> 311.30574 | AT49: =Y49+AE49+AK49 -> 830.14865
B50: 41 | C50: Signal Entry Panel fastened to the left wall | D50: 5 | E50: =D50*$D$3*$D$4 -> 196.2 | F50: =D50*$D$3*$D$5 -> 98.1 | G50: =D50*$D$3*$D$6 -> 73.575 | I50: 8.8 | J50: M6 | K50: =VLOOKUP(J50,'Fastener Data'!$E$3:$G$29,2,FALSE) -> 17.894 | L50: =VLOOKUP(I50,'Fastener Data'!$B$3:$C$18,2,FALSE) -> 640 | M50: =L50*0.5 -> 320 | N50: =K50*L50 -> 11452.16 | O50: =K50*M50 -> 5726.08 | P50: 0 | Q50: 0 | R50: 16 | S50: =SUM(P50:R50) -> 16 | T50: =IF(P50=0,"0",E50/P50) -> 0 | U50: =IF(P50=0,"0",F50/P50) -> 0 | V50: =IF(P50=0,"0",G50/P50) -> 0 | W50: =IF(T50="0","0",N50/T50) -> 0 | X50: =IF(U50="0","0",O50/U50) -> 0 | Y50: =IF(V50="0","0",O50/V50) -> 0 | Z50: =IF(Q50=0,"0",E50/Q50) -> 0 | AA50: =IF(Q50=0,"0",F50/Q50) -> 0 | AB50: =IF(Q50=0,"0",G50/Q50) -> 0 | AC50: =IF(Z50="0","0",O50/Z50) -> 0 | AD50: =IF(AA50="0","0",N50/AA50) -> 0 | AE50: =IF(AB50="0","0",O50/AB50) -> 0 | AF50: =IF(R50=0,"0",E50/R50) -> 12.2625 | AG50: =IF(R50=0,"0",F50/R50) -> 6.13125 | AH50: =IF(R50=0,"0",G50/R50) -> 4.5984375 | AI50: =IF(AF50="0","0",O50/AF50) -> 466.95861 | AJ50: =IF(AG50="0","0",O50/AG50) -> 933.91723 | AK50: =IF(AH50="0","0",N50/AH50) -> 2490.4459 | AL50: =T50+Z50+AF50 -> 12.2625 | AM50: =U50+AA50+AG50 -> 6.13125 | AN50: =V50+AB50+AH50 -> 4.5984375 | AO50: =IF(I50="Strap","Tensile",IF(P50>0,"Tensile","Shear")) -> Shear | AP50: =IF(I50="Strap","Tensile",IF(Q50>0,"Tensile","Shear")) -> Shear | AQ50: =IF(I50="Strap","Tensile",IF(R50>0,"Tensile","Shear")) -> Tensile | AR50: =W50+AC50+AI50 -> 466.95861 | AS50: =X50+AD50+AJ50 -> 933.91723 | AT50: =Y50+AE50+AK50 -> 2490.4459
B51: 42 | C51: Antenna Entry Panel fastened to the front wall | D51: 5 | E51: =D51*$D$3*$D$4 -> 196.2 | F51: =D51*$D$3*$D$5 -> 98.1 | G51: =D51*$D$3*$D$6 -> 73.575 | I51: 8.8 | J51: M6 | K51: =VLOOKUP(J51,'Fastener Data'!$E$3:$G$29,2,FALSE) -> 17.894 | L51: =VLOOKUP(I51,'Fastener Data'!$B$3:$C$18,2,FALSE) -> 640 | M51: =L51*0.5 -> 320 | N51: =K51*L51 -> 11452.16 | O51: =K51*M51 -> 5726.08 | P51: 8 | Q51: 0 | R51: 0 | S51: =SUM(P51:R51) -> 8 | T51: =IF(P51=0,"0",E51/P51) -> 24.525 | U51: =IF(P51=0,"0",F51/P51) -> 12.2625 | V51: =IF(P51=0,"0",G51/P51) -> 9.196875 | W51: =IF(T51="0","0",N51/T51) -> 466.95861 | X51: =IF(U51="0","0",O51/U51) -> 466.95861 | Y51: =IF(V51="0","0",O51/V51) -> 622.61148 | Z51: =IF(Q51=0,"0",E51/Q51) -> 0 | AA51: =IF(Q51=0,"0",F51/Q51) -> 0 | AB51: =IF(Q51=0,"0",G51/Q51) -> 0 | AC51: =IF(Z51="0","0",O51/Z51) -> 0 | AD51: =IF(AA51="0","0",N51/AA51) -> 0 | AE51: =IF(AB51="0","0",O51/AB51) -> 0 | AF51: =IF(R51=0,"0",E51/R51) -> 0 | AG51: =IF(R51=0,"0",F51/R51) -> 0 | AH51: =IF(R51=0,"0",G51/R51) -> 0 | AI51: =IF(AF51="0","0",O51/AF51) -> 0 | AJ51: =IF(AG51="0","0",O51/AG51) -> 0 | AK51: =IF(AH51="0","0",N51/AH51) -> 0 | AL51: =T51+Z51+AF51 -> 24.525 | AM51: =U51+AA51+AG51 -> 12.2625 | AN51: =V51+AB51+AH51 -> 9.196875 | AO51: =IF(I51="Strap","Tensile",IF(P51>0,"Tensile","Shear")) -> Tensile | AP51: =IF(I51="Strap","Tensile",IF(Q51>0,"Tensile","Shear")) -> Shear | AQ51: =IF(I51="Strap","Tensile",IF(R51>0,"Tensile","Shear")) -> Shear | AR51: =W51+AC51+AI51 -> 466.95861 | AS51: =X51+AD51+AJ51 -> 466.95861 | AT51: =Y51+AE51+AK51 -> 622.61148
B52: 43 | C52: RF Panel (Left, Right) fastened to rear wall | D52: 5 | E52: =D52*$D$3*$D$4 -> 196.2 | F52: =D52*$D$3*$D$5 -> 98.1 | G52: =D52*$D$3*$D$6 -> 73.575 | I52: 8.8 | J52: M6 | K52: =VLOOKUP(J52,'Fastener Data'!$E$3:$G$29,2,FALSE) -> 17.894 | L52: =VLOOKUP(I52,'Fastener Data'!$B$3:$C$18,2,FALSE) -> 640 | M52: =L52*0.5 -> 320 | N52: =K52*L52 -> 11452.16 | O52: =K52*M52 -> 5726.08 | P52: 10 | Q52: 0 | R52: 0 | S52: =SUM(P52:R52) -> 10 | T52: =IF(P52=0,"0",E52/P52) -> 19.62 | U52: =IF(P52=0,"0",F52/P52) -> 9.81 | V52: =IF(P52=0,"0",G52/P52) -> 7.3575 | W52: =IF(T52="0","0",N52/T52) -> 583.69827 | X52: =IF(U52="0","0",O52/U52) -> 583.69827 | Y52: =IF(V52="0","0",O52/V52) -> 778.26436 | Z52: =IF(Q52=0,"0",E52/Q52) -> 0 | AA52: =IF(Q52=0,"0",F52/Q52) -> 0 | AB52: =IF(Q52=0,"0",G52/Q52) -> 0 | AC52: =IF(Z52="0","0",O52/Z52) -> 0 | AD52: =IF(AA52="0","0",N52/AA52) -> 0 | AE52: =IF(AB52="0","0",O52/AB52) -> 0 | AF52: =IF(R52=0,"0",E52/R52) -> 0 | AG52: =IF(R52=0,"0",F52/R52) -> 0 | AH52: =IF(R52=0,"0",G52/R52) -> 0 | AI52: =IF(AF52="0","0",O52/AF52) -> 0 | AJ52: =IF(AG52="0","0",O52/AG52) -> 0 | AK52: =IF(AH52="0","0",N52/AH52) -> 0 | AL52: =T52+Z52+AF52 -> 19.62 | AM52: =U52+AA52+AG52 -> 9.81 | AN52: =V52+AB52+AH52 -> 7.3575 | AO52: =IF(I52="Strap","Tensile",IF(P52>0,"Tensile","Shear")) -> Tensile | AP52: =IF(I52="Strap","Tensile",IF(Q52>0,"Tensile","Shear")) -> Shear | AQ52: =IF(I52="Strap","Tensile",IF(R52>0,"Tensile","Shear")) -> Shear | AR52: =W52+AC52+AI52 -> 583.69827 | AS52: =X52+AD52+AJ52 -> 583.69827 | AT52: =Y52+AE52+AK52 -> 778.26436
B53: 44 | C53: Water Jerry Cans (3x) strap to its storage that fastened to the floor in the Operation Area | D53: 60 | E53: 2354.4 | F53: 1177.2 | G53: 882.9 | I53: Camlock Strap (1") | J53: Camlock Strap (1") | K53: 1 | L53: 2500 | M53: 2500 | N53: 2500 | O53: 2500 | P53: 0 | Q53: 1 | R53: 0 | S53: =SUM(P53:R53) -> 1 | T53: 0 | U53: 0 | V53: 0 | W53: 0 | X53: 0 | Y53: 0 | Z53: 2354.4 | AA53: 1177.2 | AB53: 882.9 | AC53: 1.0618417 | AD53: 2.1236833 | AE53: 2.8315778 | AF53: 0 | AG53: 0 | AH53: 0 | AI53: 0 | AJ53: 0 | AK53: 0 | AL53: 2354.4 | AM53: 1177.2 | AN53: 882.9 | AO53: Shear | AP53: Tensile | AQ53: Shear | AR53: 1.0618417 | AS53: 2.1236833 | AT53: 2.8315778
B54: 45 | C54: LOS Antenna (1 ) fastened to the left wall | D54: 15 | E54: =D54*$D$3*$D$4 -> 588.6 | F54: =D54*$D$3*$D$5 -> 294.3 | G54: =D54*$D$3*$D$6 -> 220.725 | I54: 8.8 | J54: M6 | K54: =VLOOKUP(J54,'Fastener Data'!$E$3:$G$29,2,FALSE) -> 17.894 | L54: =VLOOKUP(I54,'Fastener Data'!$B$3:$C$18,2,FALSE) -> 640 | M54: =0.5*L54 -> 320 | N54: =K54*L54 -> 11452.16 | O54: =K54*M54 -> 5726.08 | P54: 0 | Q54: 0 | R54: 4 | S54: =SUM(P54:R54) -> 4 | T54: =IF(P54=0,"0",E54/P54) -> 0 | U54: =IF(P54=0,"0",F54/P54) -> 0 | V54: =IF(P54=0,"0",G54/P54) -> 0 | W54: =IF(T54="0","0",N54/T54) -> 0 | X54: =IF(U54="0","0",O54/U54) -> 0 | Y54: =IF(V54="0","0",O54/V54) -> 0 | Z54: =IF(Q54=0,"0",E54/Q54) -> 0 | AA54: =IF(Q54=0,"0",F54/Q54) -> 0 | AB54: =IF(Q54=0,"0",G54/Q54) -> 0 | AC54: =IF(Z54="0","0",O54/Z54) -> 0 | AD54: =IF(AA54="0","0",N54/AA54) -> 0 | AE54: =IF(AB54="0","0",O54/AB54) -> 0 | AF54: =IF(R54=0,"0",E54/R54) -> 147.15 | AG54: =IF(R54=0,"0",F54/R54) -> 73.575 | AH54: =IF(R54=0,"0",G54/R54) -> 55.18125 | AI54: =IF(AF54="0","0",O54/AF54) -> 38.913218 | AJ54: =IF(AG54="0","0",O54/AG54) -> 77.826436 | AK54: =IF(AH54="0","0",N54/AH54) -> 207.53716 | AL54: =T54+Z54+AF54 -> 147.15 | AM54: =U54+AA54+AG54 -> 73.575 | AN54: =V54+AB54+AH54 -> 55.18125 | AO54: =IF(I54="Strap","Tensile",IF(P54>0,"Tensile","Shear")) -> Shear | AP54: =IF(I54="Strap","Tensile",IF(Q54>0,"Tensile","Shear")) -> Shear | AQ54: =IF(I54="Strap","Tensile",IF(R54>0,"Tensile","Shear")) -> Tensile | AR54: =W54+AC54+AI54 -> 38.913218 | AS54: =X54+AD54+AJ54 -> 77.826436 | AT54: =Y54+AE54+AK54 -> 207.53716
B55: 46 | C55: LOS Antenna (2) fastened to the 4 Gang Racks in the operation area | D55: 15 | E55: =D55*$D$3*$D$4 -> 588.6 | F55: =D55*$D$3*$D$5 -> 294.3 | G55: =D55*$D$3*$D$6 -> 220.725 | I55: 8.8 | J55: M6 | K55: =VLOOKUP(J55,'Fastener Data'!$E$3:$G$29,2,FALSE) -> 17.894 | L55: =VLOOKUP(I55,'Fastener Data'!$B$3:$C$18,2,FALSE) -> 640 | M55: =0.5*L55 -> 320 | N55: =K55*L55 -> 11452.16 | O55: =K55*M55 -> 5726.08 | P55: 2 | Q55: 0 | R55: 0 | S55: =SUM(P55:R55) -> 2 | T55: =IF(P55=0,"0",E55/P55) -> 294.3 | U55: =IF(P55=0,"0",F55/P55) -> 147.15 | V55: =IF(P55=0,"0",G55/P55) -> 110.3625 | W55: =IF(T55="0","0",N55/T55) -> 38.913218 | X55: =IF(U55="0","0",O55/U55) -> 38.913218 | Y55: =IF(V55="0","0",O55/V55) -> 51.88429 | Z55: =IF(Q55=0,"0",E55/Q55) -> 0 | AA55: =IF(Q55=0,"0",F55/Q55) -> 0 | AB55: =IF(Q55=0,"0",G55/Q55) -> 0 | AC55: =IF(Z55="0","0",O55/Z55) -> 0 | AD55: =IF(AA55="0","0",N55/AA55) -> 0 | AE55: =IF(AB55="0","0",O55/AB55) -> 0 | AF55: =IF(R55=0,"0",E55/R55) -> 0 | AG55: =IF(R55=0,"0",F55/R55) -> 0 | AH55: =IF(R55=0,"0",G55/R55) -> 0 | AI55: =IF(AF55="0","0",O55/AF55) -> 0 | AJ55: =IF(AG55="0","0",O55/AG55) -> 0 | AK55: =IF(AH55="0","0",N55/AH55) -> 0 | AL55: =T55+Z55+AF55 -> 294.3 | AM55: =U55+AA55+AG55 -> 147.15 | AN55: =V55+AB55+AH55 -> 110.3625 | AO55: =IF(I55="Strap","Tensile",IF(P55>0,"Tensile","Shear")) -> Tensile | AP55: =IF(I55="Strap","Tensile",IF(Q55>0,"Tensile","Shear")) -> Shear | AQ55: =IF(I55="Strap","Tensile",IF(R55>0,"Tensile","Shear")) -> Shear | AR55: =W55+AC55+AI55 -> 38.913218 | AS55: =X55+AD55+AJ55 -> 38.913218 | AT55: =Y55+AE55+AK55 -> 51.88429
B56: 47 | C56: RF Drum (1, 2) strap to floor at the Operation Area | D56: 14 | E56: =D56*$D$3*$D$4 -> 549.36 | F56: =D56*$D$3*$D$5 -> 274.68 | G56: =D56*$D$3*$D$6 -> 206.01 | I56: Ratchet (1") | J56: Ratchet (1") | K56: =VLOOKUP(J56,'Fastener Data'!$E$3:$G$29,2,FALSE) -> 1 | L56: =VLOOKUP(I56,'Fastener Data'!$B$3:$C$18,2,FALSE) -> 5000 | M56: =L56 -> 5000 | N56: =K56*L56 -> 5000 | O56: =K56*M56 -> 5000 | P56: 0 | Q56: 1 | R56: 0 | S56: =SUM(P56:R56) -> 1 | T56: =IF(P56=0,"0",E56/P56) -> 0 | U56: =IF(P56=0,"0",F56/P56) -> 0 | V56: =IF(P56=0,"0",G56/P56) -> 0 | W56: =IF(T56="0","0",N56/T56) -> 0 | X56: =IF(U56="0","0",O56/U56) -> 0 | Y56: =IF(V56="0","0",O56/V56) -> 0 | Z56: =IF(Q56=0,"0",E56/Q56) -> 549.36 | AA56: =IF(Q56=0,"0",F56/Q56) -> 274.68 | AB56: =IF(Q56=0,"0",G56/Q56) -> 206.01 | AC56: =IF(Z56="0","0",O56/Z56) -> 9.1014999 | AD56: =IF(AA56="0","0",N56/AA56) -> 18.203 | AE56: =IF(AB56="0","0",O56/AB56) -> 24.270666 | AF56: =IF(R56=0,"0",E56/R56) -> 0 | AG56: =IF(R56=0,"0",F56/R56) -> 0 | AH56: =IF(R56=0,"0",G56/R56) -> 0 | AI56: =IF(AF56="0","0",O56/AF56) -> 0 | AJ56: =IF(AG56="0","0",O56/AG56) -> 0 | AK56: =IF(AH56="0","0",N56/AH56) -> 0 | AL56: =T56+Z56+AF56 -> 549.36 | AM56: =U56+AA56+AG56 -> 274.68 | AN56: =V56+AB56+AH56 -> 206.01 | AO56: =IF(I56="Strap","Tensile",IF(P56>0,"Tensile","Shear")) -> Shear | AP56: =IF(I56="Strap","Tensile",IF(Q56>0,"Tensile","Shear")) -> Tensile | AQ56: =IF(I56="Strap","Tensile",IF(R56>0,"Tensile","Shear")) -> Shear | AR56: =W56+AC56+AI56 -> 9.1014999 | AS56: =X56+AD56+AJ56 -> 18.203 | AT56: =Y56+AE56+AK56 -> 24.270666
B57: 48 | C57: Diesel Jerry Cans (8x) spring latched to the Utility rack that fastened to the floor at the Outdoor Facilities Area | D57: 160 | E57: =D57*$D$3*$D$4 -> 6278.4 | F57: =D57*$D$3*$D$5 -> 3139.2 | G57: =D57*$D$3*$D$6 -> 2354.4 | I57: Spring Latch | J57: Spring Latch | K57: =VLOOKUP(J57,'Fastener Data'!$E$3:$G$29,2,FALSE) -> 113.09734 | L57: =VLOOKUP(I57,'Fastener Data'!$B$3:$C$18,2,FALSE) -> 165 | M57: =L57*0.5 -> 82.5 | N57: =K57*L57 -> 18661.06 | O57: =K57*M57 -> 9330.5302 | P57: 0 | Q57: 2 | R57: 0 | S57: =SUM(P57:R57) -> 2 | T57: =IF(P57=0,"0",E57/P57) -> 0 | U57: =IF(P57=0,"0",F57/P57) -> 0 | V57: =IF(P57=0,"0",G57/P57) -> 0 | W57: =IF(T57="0","0",N57/T57) -> 0 | X57: =IF(U57="0","0",O57/U57) -> 0 | Y57: =IF(V57="0","0",O57/V57) -> 0 | Z57: =IF(Q57=0,"0",E57/Q57) -> 3139.2 | AA57: =IF(Q57=0,"0",F57/Q57) -> 1569.6 | AB57: =IF(Q57=0,"0",G57/Q57) -> 1177.2 | AC57: =IF(Z57="0","0",O57/Z57) -> 2.9722637 | AD57: =IF(AA57="0","0",N57/AA57) -> 11.889055 | AE57: =IF(AB57="0","0",O57/AB57) -> 7.9260365 | AF57: =IF(R57=0,"0",E57/R57) -> 0 | AG57: =IF(R57=0,"0",F57/R57) -> 0 | AH57: =IF(R57=0,"0",G57/R57) -> 0 | AI57: =IF(AF57="0","0",O57/AF57) -> 0 | AJ57: =IF(AG57="0","0",O57/AG57) -> 0 | AK57: =IF(AH57="0","0",N57/AH57) -> 0 | AL57: =T57+Z57+AF57 -> 3139.2 | AM57: =U57+AA57+AG57 -> 1569.6 | AN57: =V57+AB57+AH57 -> 1177.2 | AO57: =IF(I57="Strap","Tensile",IF(P57>0,"Tensile","Shear")) -> Shear | AP57: =IF(I57="Strap","Tensile",IF(Q57>0,"Tensile","Shear")) -> Tensile | AQ57: =IF(I57="Strap","Tensile",IF(R57>0,"Tensile","Shear")) -> Shear | AR57: =W57+AC57+AI57 -> 2.9722637 | AS57: =X57+AD57+AJ57 -> 11.889055 | AT57: =Y57+AE57+AK57 -> 7.9260365
B58: 49 | C58: Mast Guying Kit & Tilt Rotator Kit strap to the floor at Operation Area | D58: 59 | E58: 2354.4 | F58: 1177.2 | G58: 882.9 | I58: camlock Strap (1.5") | J58: camlock Strap (1.5") | K58: =VLOOKUP(J58,'Fastener Data'!$E$3:$G$29,2,FALSE) -> 1 | L58: =VLOOKUP(I58,'Fastener Data'!$B$3:$C$18,2,FALSE) -> 18000 | M58: =L58 -> 18000 | N58: =K58*L58 -> 18000 | O58: =K58*M58 -> 18000 | P58: 0 | Q58: 2 | R58: 0 | S58: =SUM(P58:R58) -> 2 | T58: =IF(P58=0,"0",E58/P58) -> 0 | U58: =IF(P58=0,"0",F58/P58) -> 0 | V58: =IF(P58=0,"0",G58/P58) -> 0 | W58: =IF(T58="0","0",N58/T58) -> 0 | X58: =IF(U58="0","0",O58/U58) -> 0 | Y58: =IF(V58="0","0",O58/V58) -> 0 | Z58: =IF(Q58=0,"0",E58/Q58) -> 1177.2 | AA58: =IF(Q58=0,"0",F58/Q58) -> 588.6 | AB58: =IF(Q58=0,"0",G58/Q58) -> 441.45 | AC58: =IF(Z58="0","0",O58/Z58) -> 15.29052 | AD58: =IF(AA58="0","0",N58/AA58) -> 30.58104 | AE58: =IF(AB58="0","0",O58/AB58) -> 40.77472 | AF58: =IF(R58=0,"0",E58/R58) -> 0 | AG58: =IF(R58=0,"0",F58/R58) -> 0 | AH58: =IF(R58=0,"0",G58/R58) -> 0 | AI58: =IF(AF58="0","0",O58/AF58) -> 0 | AJ58: =IF(AG58="0","0",O58/AG58) -> 0 | AK58: =IF(AH58="0","0",N58/AH58) -> 0 | AL58: =T58+Z58+AF58 -> 1177.2 | AM58: =U58+AA58+AG58 -> 588.6 | AN58: =V58+AB58+AH58 -> 441.45 | AO58: =IF(I58="Strap","Tensile",IF(P58>0,"Tensile","Shear")) -> Shear | AP58: =IF(I58="Strap","Tensile",IF(Q58>0,"Tensile","Shear")) -> Tensile | AQ58: =IF(I58="Strap","Tensile",IF(R58>0,"Tensile","Shear")) -> Shear | AR58: =W58+AC58+AI58 -> 15.29052 | AS58: =X58+AD58+AJ58 -> 30.58104 | AT58: =Y58+AE58+AK58 -> 40.77472
B59: 50 | C59: Power Cable Bag & Grounding Kit | D59: 40 | E59: =D59*$D$3*$D$4 -> 1569.6 | F59: =D59*$D$3*$D$5 -> 784.8 | G59: =D59*$D$3*$D$6 -> 588.6 | I59: camlock Strap (1.5") | J59: camlock Strap (1.5") | K59: =VLOOKUP(J59,'Fastener Data'!$E$3:$G$29,2,FALSE) -> 1 | L59: =VLOOKUP(I59,'Fastener Data'!$B$3:$C$18,2,FALSE) -> 18000 | M59: =L59 -> 18000 | N59: =K59*L59 -> 18000 | O59: =K59*M59 -> 18000 | P59: 0 | Q59: 2 | R59: 0 | S59: =SUM(P59:R59) -> 2 | T59: =IF(P59=0,"0",E59/P59) -> 0 | U59: =IF(P59=0,"0",F59/P59) -> 0 | V59: =IF(P59=0,"0",G59/P59) -> 0 | W59: =IF(T59="0","0",N59/T59) -> 0 | X59: =IF(U59="0","0",O59/U59) -> 0 | Y59: =IF(V59="0","0",O59/V59) -> 0 | Z59: =IF(Q59=0,"0",E59/Q59) -> 784.8 | AA59: =IF(Q59=0,"0",F59/Q59) -> 392.4 | AB59: =IF(Q59=0,"0",G59/Q59) -> 294.3 | AC59: =IF(Z59="0","0",O59/Z59) -> 22.93578 | AD59: =IF(AA59="0","0",N59/AA59) -> 45.87156 | AE59: =IF(AB59="0","0",O59/AB59) -> 61.16208 | AF59: =IF(R59=0,"0",E59/R59) -> 0 | AG59: =IF(R59=0,"0",F59/R59) -> 0 | AH59: =IF(R59=0,"0",G59/R59) -> 0 | AI59: =IF(AF59="0","0",O59/AF59) -> 0 | AJ59: =IF(AG59="0","0",O59/AG59) -> 0 | AK59: =IF(AH59="0","0",N59/AH59) -> 0 | AL59: =T59+Z59+AF59 -> 784.8 | AM59: =U59+AA59+AG59 -> 392.4 | AN59: =V59+AB59+AH59 -> 294.3 | AO59: =IF(I59="Strap","Tensile",IF(P59>0,"Tensile","Shear")) -> Shear | AP59: =IF(I59="Strap","Tensile",IF(Q59>0,"Tensile","Shear")) -> Tensile | AQ59: =IF(I59="Strap","Tensile",IF(R59>0,"Tensile","Shear")) -> Shear | AR59: =W59+AC59+AI59 -> 22.93578 | AS59: =X59+AD59+AJ59 -> 45.87156 | AT59: =Y59+AE59+AK59 -> 61.16208
B60: 51 | C60: IP Phone (1, 2) fastened to the right wall on top of Foldable Table in Operation Area | D60: 2 | E60: =D60*$D$3*$D$4 -> 78.48 | F60: =D60*$D$3*$D$5 -> 39.24 | G60: =D60*$D$3*$D$6 -> 29.43 | I60: 8.8 | J60: M6 | K60: =VLOOKUP(J60,'Fastener Data'!$E$3:$G$29,2,FALSE) -> 17.894 | L60: =VLOOKUP(I60,'Fastener Data'!$B$3:$C$18,2,FALSE) -> 640 | M60: =L60*0.5 -> 320 | N60: =K60*L60 -> 11452.16 | O60: =K60*M60 -> 5726.08 | P60: 0 | Q60: 0 | R60: 2 | S60: =SUM(P60:R60) -> 2 | T60: =IF(P60=0,"0",E60/P60) -> 0 | U60: =IF(P60=0,"0",F60/P60) -> 0 | V60: =IF(P60=0,"0",G60/P60) -> 0 | W60: =IF(T60="0","0",N60/T60) -> 0 | X60: =IF(U60="0","0",O60/U60) -> 0 | Y60: =IF(V60="0","0",O60/V60) -> 0 | Z60: =IF(Q60=0,"0",E60/Q60) -> 0 | AA60: =IF(Q60=0,"0",F60/Q60) -> 0 | AB60: =IF(Q60=0,"0",G60/Q60) -> 0 | AC60: =IF(Z60="0","0",O60/Z60) -> 0 | AD60: =IF(AA60="0","0",N60/AA60) -> 0 | AE60: =IF(AB60="0","0",O60/AB60) -> 0 | AF60: =IF(R60=0,"0",E60/R60) -> 39.24 | AG60: =IF(R60=0,"0",F60/R60) -> 19.62 | AH60: =IF(R60=0,"0",G60/R60) -> 14.715 | AI60: =IF(AF60="0","0",O60/AF60) -> 145.92457 | AJ60: =IF(AG60="0","0",O60/AG60) -> 291.84913 | AK60: =IF(AH60="0","0",N60/AH60) -> 778.26436 | AL60: =T60+Z60+AF60 -> 39.24 | AM60: =U60+AA60+AG60 -> 19.62 | AN60: =V60+AB60+AH60 -> 14.715 | AO60: =IF(I60="Strap","Tensile",IF(P60>0,"Tensile","Shear")) -> Shear | AP60: =IF(I60="Strap","Tensile",IF(Q60>0,"Tensile","Shear")) -> Shear | AQ60: =IF(I60="Strap","Tensile",IF(R60>0,"Tensile","Shear")) -> Tensile | AR60: =W60+AC60+AI60 -> 145.92457 | AS60: =X60+AD60+AJ60 -> 291.84913 | AT60: =Y60+AE60+AK60 -> 778.26436
B61: 52 | C61: IP Phone (3) fastened to the top of equipment rack in Operation Area | D61: 2 | E61: =D61*$D$3*$D$4 -> 78.48 | F61: =D61*$D$3*$D$5 -> 39.24 | G61: =D61*$D$3*$D$6 -> 29.43 | I61: 8.8 | J61: M6 | K61: =VLOOKUP(J61,'Fastener Data'!$E$3:$G$29,2,FALSE) -> 17.894 | L61: =VLOOKUP(I61,'Fastener Data'!$B$3:$C$18,2,FALSE) -> 640 | M61: =L61*0.5 -> 320 | N61: =K61*L61 -> 11452.16 | O61: =K61*M61 -> 5726.08 | P61: 0 | Q61: 2 | R61: 0 | S61: =SUM(P61:R61) -> 2 | T61: =IF(P61=0,"0",E61/P61) -> 0 | U61: =IF(P61=0,"0",F61/P61) -> 0 | V61: =IF(P61=0,"0",G61/P61) -> 0 | W61: =IF(T61="0","0",N61/T61) -> 0 | X61: =IF(U61="0","0",O61/U61) -> 0 | Y61: =IF(V61="0","0",O61/V61) -> 0 | Z61: =IF(Q61=0,"0",E61/Q61) -> 39.24 | AA61: =IF(Q61=0,"0",F61/Q61) -> 19.62 | AB61: =IF(Q61=0,"0",G61/Q61) -> 14.715 | AC61: =IF(Z61="0","0",O61/Z61) -> 145.92457 | AD61: =IF(AA61="0","0",N61/AA61) -> 583.69827 | AE61: =IF(AB61="0","0",O61/AB61) -> 389.13218 | AF61: =IF(R61=0,"0",E61/R61) -> 0 | AG61: =IF(R61=0,"0",F61/R61) -> 0 | AH61: =IF(R61=0,"0",G61/R61) -> 0 | AI61: =IF(AF61="0","0",O61/AF61) -> 0 | AJ61: =IF(AG61="0","0",O61/AG61) -> 0 | AK61: =IF(AH61="0","0",N61/AH61) -> 0 | AL61: =T61+Z61+AF61 -> 39.24 | AM61: =U61+AA61+AG61 -> 19.62 | AN61: =V61+AB61+AH61 -> 14.715 | AO61: =IF(I61="Strap","Tensile",IF(P61>0,"Tensile","Shear")) -> Shear | AP61: =IF(I61="Strap","Tensile",IF(Q61>0,"Tensile","Shear")) -> Tensile | AQ61: =IF(I61="Strap","Tensile",IF(R61>0,"Tensile","Shear")) -> Shear | AR61: =W61+AC61+AI61 -> 145.92457 | AS61: =X61+AD61+AJ61 -> 583.69827 | AT61: =Y61+AE61+AK61 -> 389.13218
B62: 53 | C62: Rifle Clip (1,2,3) fastened to left wall | D62: 2 | E62: =D62*$D$3*$D$4 -> 78.48 | F62: =D62*$D$3*$D$5 -> 39.24 | G62: =D62*$D$3*$D$6 -> 29.43 | I62: 8.8 | J62: M6 | K62: =VLOOKUP(J62,'Fastener Data'!$E$3:$G$29,2,FALSE) -> 17.894 | L62: =VLOOKUP(I62,'Fastener Data'!$B$3:$C$18,2,FALSE) -> 640 | M62: =L62*0.5 -> 320 | N62: =K62*L62 -> 11452.16 | O62: =K62*M62 -> 5726.08 | P62: 0 | Q62: 0 | R62: 2 | S62: =SUM(P62:R62) -> 2 | T62: =IF(P62=0,"0",E62/P62) -> 0 | U62: =IF(P62=0,"0",F62/P62) -> 0 | V62: =IF(P62=0,"0",G62/P62) -> 0 | W62: =IF(T62="0","0",N62/T62) -> 0 | X62: =IF(U62="0","0",O62/U62) -> 0 | Y62: =IF(V62="0","0",O62/V62) -> 0 | Z62: =IF(Q62=0,"0",E62/Q62) -> 0 | AA62: =IF(Q62=0,"0",F62/Q62) -> 0 | AB62: =IF(Q62=0,"0",G62/Q62) -> 0 | AC62: =IF(Z62="0","0",O62/Z62) -> 0 | AD62: =IF(AA62="0","0",N62/AA62) -> 0 | AE62: =IF(AB62="0","0",O62/AB62) -> 0 | AF62: =IF(R62=0,"0",E62/R62) -> 39.24 | AG62: =IF(R62=0,"0",F62/R62) -> 19.62 | AH62: =IF(R62=0,"0",G62/R62) -> 14.715 | AI62: =IF(AF62="0","0",O62/AF62) -> 145.92457 | AJ62: =IF(AG62="0","0",O62/AG62) -> 291.84913 | AK62: =IF(AH62="0","0",N62/AH62) -> 778.26436 | AL62: =T62+Z62+AF62 -> 39.24 | AM62: =U62+AA62+AG62 -> 19.62 | AN62: =V62+AB62+AH62 -> 14.715 | AO62: =IF(I62="Strap","Tensile",IF(P62>0,"Tensile","Shear")) -> Shear | AP62: =IF(I62="Strap","Tensile",IF(Q62>0,"Tensile","Shear")) -> Shear | AQ62: =IF(I62="Strap","Tensile",IF(R62>0,"Tensile","Shear")) -> Tensile | AR62: =W62+AC62+AI62 -> 145.92457 | AS62: =X62+AD62+AJ62 -> 291.84913 | AT62: =Y62+AE62+AK62 -> 778.26436
B63: 54 | C63: Lightings (4x) fastened to Ceiling | D63: 1.6 | E63: =D63*$D$3*$D$4 -> 62.784 | F63: =D63*$D$3*$D$5 -> 31.392 | G63: =D63*$D$3*$D$6 -> 23.544 | I63: 8.8 | J63: M6 | K63: =VLOOKUP(J63,'Fastener Data'!$E$3:$G$29,2,FALSE) -> 17.894 | L63: =VLOOKUP(I63,'Fastener Data'!$B$3:$C$18,2,FALSE) -> 640 | M63: =L63*0.5 -> 320 | N63: =K63*L63 -> 11452.16 | O63: =K63*M63 -> 5726.08 | P63: 0 | Q63: 4 | R63: 0 | S63: =SUM(P63:R63) -> 4 | T63: =IF(P63=0,"0",E63/P63) -> 0 | U63: =IF(P63=0,"0",F63/P63) -> 0 | V63: =IF(P63=0,"0",G63/P63) -> 0 | W63: =IF(T63="0","0",N63/T63) -> 0 | X63: =IF(U63="0","0",O63/U63) -> 0 | Y63: =IF(V63="0","0",O63/V63) -> 0 | Z63: =IF(Q63=0,"0",E63/Q63) -> 15.696 | AA63: =IF(Q63=0,"0",F63/Q63) -> 7.848 | AB63: =IF(Q63=0,"0",G63/Q63) -> 5.886 | AC63: =IF(Z63="0","0",O63/Z63) -> 364.81142 | AD63: =IF(AA63="0","0",N63/AA63) -> 1459.2457 | AE63: =IF(AB63="0","0",O63/AB63) -> 972.83045 | AF63: =IF(R63=0,"0",E63/R63) -> 0 | AG63: =IF(R63=0,"0",F63/R63) -> 0 | AH63: =IF(R63=0,"0",G63/R63) -> 0 | AI63: =IF(AF63="0","0",O63/AF63) -> 0 | AJ63: =IF(AG63="0","0",O63/AG63) -> 0 | AK63: =IF(AH63="0","0",N63/AH63) -> 0 | AL63: =T63+Z63+AF63 -> 15.696 | AM63: =U63+AA63+AG63 -> 7.848 | AN63: =V63+AB63+AH63 -> 5.886 | AO63: =IF(I63="Strap","Tensile",IF(P63>0,"Tensile","Shear")) -> Shear | AP63: =IF(I63="Strap","Tensile",IF(Q63>0,"Tensile","Shear")) -> Tensile | AQ63: =IF(I63="Strap","Tensile",IF(R63>0,"Tensile","Shear")) -> Shear | AR63: =W63+AC63+AI63 -> 364.81142 | AS63: =X63+AD63+AJ63 -> 1459.2457 | AT63: =Y63+AE63+AK63 -> 972.83045
B64: 55 | C64: Ventilation Fan fastened to left wall | D64: 5 | E64: =D64*$D$3*$D$4 -> 196.2 | F64: =D64*$D$3*$D$5 -> 98.1 | G64: =D64*$D$3*$D$6 -> 73.575 | I64: 8.8 | J64: M6 | K64: =VLOOKUP(J64,'Fastener Data'!$E$3:$G$29,2,FALSE) -> 17.894 | L64: =VLOOKUP(I64,'Fastener Data'!$B$3:$C$18,2,FALSE) -> 640 | M64: =L64*0.5 -> 320 | N64: =K64*L64 -> 11452.16 | O64: =K64*M64 -> 5726.08 | P64: 0 | Q64: 0 | R64: 8 | S64: =SUM(P64:R64) -> 8 | T64: =IF(P64=0,"0",E64/P64) -> 0 | U64: =IF(P64=0,"0",F64/P64) -> 0 | V64: =IF(P64=0,"0",G64/P64) -> 0 | W64: =IF(T64="0","0",N64/T64) -> 0 | X64: =IF(U64="0","0",O64/U64) -> 0 | Y64: =IF(V64="0","0",O64/V64) -> 0 | Z64: =IF(Q64=0,"0",E64/Q64) -> 0 | AA64: =IF(Q64=0,"0",F64/Q64) -> 0 | AB64: =IF(Q64=0,"0",G64/Q64) -> 0 | AC64: =IF(Z64="0","0",O64/Z64) -> 0 | AD64: =IF(AA64="0","0",N64/AA64) -> 0 | AE64: =IF(AB64="0","0",O64/AB64) -> 0 | AF64: =IF(R64=0,"0",E64/R64) -> 24.525 | AG64: =IF(R64=0,"0",F64/R64) -> 12.2625 | AH64: =IF(R64=0,"0",G64/R64) -> 9.196875 | AI64: =IF(AF64="0","0",O64/AF64) -> 233.47931 | AJ64: =IF(AG64="0","0",O64/AG64) -> 466.95861 | AK64: =IF(AH64="0","0",N64/AH64) -> 1245.223 | AL64: =T64+Z64+AF64 -> 24.525 | AM64: =U64+AA64+AG64 -> 12.2625 | AN64: =V64+AB64+AH64 -> 9.196875 | AO64: =IF(I64="Strap","Tensile",IF(P64>0,"Tensile","Shear")) -> Shear | AP64: =IF(I64="Strap","Tensile",IF(Q64>0,"Tensile","Shear")) -> Shear | AQ64: =IF(I64="Strap","Tensile",IF(R64>0,"Tensile","Shear")) -> Tensile | AR64: =W64+AC64+AI64 -> 233.47931 | AS64: =X64+AD64+AJ64 -> 466.95861 | AT64: =Y64+AE64+AK64 -> 1245.223
B65: 56 | C65: Camouflage Net w/ Bamboo sticks strap to the EM mast working platform | D65: 25 | E65: =D65*$D$3*$D$4 -> 981 | F65: =D65*$D$3*$D$5 -> 490.5 | G65: =D65*$D$3*$D$6 -> 367.875 | I65: Camlock Strap (1") | J65: Camlock Strap (1") | K65: =VLOOKUP(J65,'Fastener Data'!$E$3:$G$29,2,FALSE) -> 1 | L65: =VLOOKUP(I65,'Fastener Data'!$B$3:$C$18,2,FALSE) -> 2500 | M65: =L65 -> 2500 | N65: =K65*L65 -> 2500 | O65: =K65*M65 -> 2500 | P65: 0 | Q65: 2 | R65: 0 | S65: =SUM(P65:R65) -> 2 | T65: =IF(P65=0,"0",E65/P65) -> 0 | U65: =IF(P65=0,"0",F65/P65) -> 0 | V65: =IF(P65=0,"0",G65/P65) -> 0 | W65: =IF(T65="0","0",N65/T65) -> 0 | X65: =IF(U65="0","0",O65/U65) -> 0 | Y65: =IF(V65="0","0",O65/V65) -> 0 | Z65: =IF(Q65=0,"0",E65/Q65) -> 490.5 | AA65: =IF(Q65=0,"0",F65/Q65) -> 245.25 | AB65: =IF(Q65=0,"0",G65/Q65) -> 183.9375 | AC65: =IF(Z65="0","0",O65/Z65) -> 5.09684 | AD65: =IF(AA65="0","0",N65/AA65) -> 10.19368 | AE65: =IF(AB65="0","0",O65/AB65) -> 13.591573 | AF65: =IF(R65=0,"0",E65/R65) -> 0 | AG65: =IF(R65=0,"0",F65/R65) -> 0 | AH65: =IF(R65=0,"0",G65/R65) -> 0 | AI65: =IF(AF65="0","0",O65/AF65) -> 0 | AJ65: =IF(AG65="0","0",O65/AG65) -> 0 | AK65: =IF(AH65="0","0",N65/AH65) -> 0 | AL65: =T65+Z65+AF65 -> 490.5 | AM65: =U65+AA65+AG65 -> 245.25 | AN65: =V65+AB65+AH65 -> 183.9375 | AO65: =IF(I65="Strap","Tensile",IF(P65>0,"Tensile","Shear")) -> Shear | AP65: =IF(I65="Strap","Tensile",IF(Q65>0,"Tensile","Shear")) -> Tensile | AQ65: =IF(I65="Strap","Tensile",IF(R65>0,"Tensile","Shear")) -> Shear | AR65: =W65+AC65+AI65 -> 5.09684 | AS65: =X65+AD65+AJ65 -> 10.19368 | AT65: =Y65+AE65+AK65 -> 13.591573
B66: 57 | C66: RF Cable Drum Platform (Left, Right) fastened to side beams at LOS Mast Compartment | D66: 5 | E66: =D66*$D$3*$D$4 -> 196.2 | F66: =D66*$D$3*$D$5 -> 98.1 | G66: =D66*$D$3*$D$6 -> 73.575 | I66: 8.8 | J66: M8 | K66: =VLOOKUP(J66,'Fastener Data'!$E$3:$G$29,2,FALSE) -> 32.841 | L66: =VLOOKUP(I66,'Fastener Data'!$B$3:$C$18,2,FALSE) -> 640 | M66: =L66*0.5 -> 320 | N66: =K66*L66 -> 21018.24 | O66: =K66*M66 -> 10509.12 | P66: 2 | Q66: 0 | R66: 0 | S66: =SUM(P66:R66) -> 2 | T66: =IF(P66=0,"0",E66/P66) -> 98.1 | U66: =IF(P66=0,"0",F66/P66) -> 49.05 | V66: =IF(P66=0,"0",G66/P66) -> 36.7875 | W66: =IF(T66="0","0",N66/T66) -> 214.25321 | X66: =IF(U66="0","0",O66/U66) -> 214.25321 | Y66: =IF(V66="0","0",O66/V66) -> 285.67095 | Z66: =IF(Q66=0,"0",E66/Q66) -> 0 | AA66: =IF(Q66=0,"0",F66/Q66) -> 0 | AB66: =IF(Q66=0,"0",G66/Q66) -> 0 | AC66: =IF(Z66="0","0",O66/Z66) -> 0 | AD66: =IF(AA66="0","0",N66/AA66) -> 0 | AE66: =IF(AB66="0","0",O66/AB66) -> 0 | AF66: =IF(R66=0,"0",E66/R66) -> 0 | AG66: =IF(R66=0,"0",F66/R66) -> 0 | AH66: =IF(R66=0,"0",G66/R66) -> 0 | AI66: =IF(AF66="0","0",O66/AF66) -> 0 | AJ66: =IF(AG66="0","0",O66/AG66) -> 0 | AK66: =IF(AH66="0","0",N66/AH66) -> 0 | AL66: =T66+Z66+AF66 -> 98.1 | AM66: =U66+AA66+AG66 -> 49.05 | AN66: =V66+AB66+AH66 -> 36.7875 | AO66: =IF(I66="Strap","Tensile",IF(P66>0,"Tensile","Shear")) -> Tensile | AP66: =IF(I66="Strap","Tensile",IF(Q66>0,"Tensile","Shear")) -> Shear | AQ66: =IF(I66="Strap","Tensile",IF(R66>0,"Tensile","Shear")) -> Shear | AR66: =W66+AC66+AI66 -> 214.25321 | AS66: =X66+AD66+AJ66 -> 214.25321 | AT66: =Y66+AE66+AK66 -> 285.67095
B67: 58 | C67: EM Mast Working Platform Ladder secured by spring lock below the generator at Outdoor Facilities | D67: 6 | E67: =D67*$D$3*$D$4 -> 235.44 | F67: =D67*$D$3*$D$5 -> 117.72 | G67: =D67*$D$3*$D$6 -> 88.29 | I67: Spring Latch | J67: Spring Latch | K67: =VLOOKUP(J67,'Fastener Data'!$E$3:$G$29,2,FALSE) -> 113.09734 | L67: =VLOOKUP(I67,'Fastener Data'!$B$3:$C$18,2,FALSE) -> 165 | M67: =L67*0.5 -> 82.5 | N67: =K67*L67 -> 18661.06 | O67: =K67*M67 -> 9330.5302 | P67: 0 | Q67: 0 | R67: 2 | S67: =SUM(P67:R67) -> 2 | T67: =IF(P67=0,"0",E67/P67) -> 0 | U67: =IF(P67=0,"0",F67/P67) -> 0 | V67: =IF(P67=0,"0",G67/P67) -> 0 | W67: =IF(T67="0","0",N67/T67) -> 0 | X67: =IF(U67="0","0",O67/U67) -> 0 | Y67: =IF(V67="0","0",O67/V67) -> 0 | Z67: =IF(Q67=0,"0",E67/Q67) -> 0 | AA67: =IF(Q67=0,"0",F67/Q67) -> 0 | AB67: =IF(Q67=0,"0",G67/Q67) -> 0 | AC67: =IF(Z67="0","0",O67/Z67) -> 0 | AD67: =IF(AA67="0","0",N67/AA67) -> 0 | AE67: =IF(AB67="0","0",O67/AB67) -> 0 | AF67: =IF(R67=0,"0",E67/R67) -> 117.72 | AG67: =IF(R67=0,"0",F67/R67) -> 58.86 | AH67: =IF(R67=0,"0",G67/R67) -> 44.145 | AI67: =IF(AF67="0","0",O67/AF67) -> 79.260365 | AJ67: =IF(AG67="0","0",O67/AG67) -> 158.52073 | AK67: =IF(AH67="0","0",N67/AH67) -> 422.72195 | AL67: =T67+Z67+AF67 -> 117.72 | AM67: =U67+AA67+AG67 -> 58.86 | AN67: =V67+AB67+AH67 -> 44.145 | AO67: =IF(I67="Strap","Tensile",IF(P67>0,"Tensile","Shear")) -> Shear | AP67: =IF(I67="Strap","Tensile",IF(Q67>0,"Tensile","Shear")) -> Shear | AQ67: =IF(I67="Strap","Tensile",IF(R67>0,"Tensile","Shear")) -> Tensile | AR67: =W67+AC67+AI67 -> 79.260365 | AS67: =X67+AD67+AJ67 -> 158.52073 | AT67: =Y67+AE67+AK67 -> 422.72195
B68: 59 | C68: Roof Safety Lifeline fastened to the Roof | D68: 6 | E68: =D68*$D$3*$D$4 -> 235.44 | F68: =D68*$D$3*$D$5 -> 117.72 | G68: =D68*$D$3*$D$6 -> 88.29 | I68: 8.8 | J68: M12 | K68: =VLOOKUP(J68,'Fastener Data'!$E$3:$G$29,2,FALSE) -> 76.247 | L68: =VLOOKUP(I68,'Fastener Data'!$B$3:$C$18,2,FALSE) -> 640 | M68: =L68*0.5 -> 320 | N68: =K68*L68 -> 48798.08 | O68: =K68*M68 -> 24399.04 | P68: 0 | Q68: 8 | R68: 0 | S68: =SUM(P68:R68) -> 8 | T68: =IF(P68=0,"0",E68/P68) -> 0 | U68: =IF(P68=0,"0",F68/P68) -> 0 | V68: =IF(P68=0,"0",G68/P68) -> 0 | W68: =IF(T68="0","0",N68/T68) -> 0 | X68: =IF(U68="0","0",O68/U68) -> 0 | Y68: =IF(V68="0","0",O68/V68) -> 0 | Z68: =IF(Q68=0,"0",E68/Q68) -> 29.43 | AA68: =IF(Q68=0,"0",F68/Q68) -> 14.715 | AB68: =IF(Q68=0,"0",G68/Q68) -> 11.03625 | AC68: =IF(Z68="0","0",O68/Z68) -> 829.05335 | AD68: =IF(AA68="0","0",N68/AA68) -> 3316.2134 | AE68: =IF(AB68="0","0",O68/AB68) -> 2210.8089 | AF68: =IF(R68=0,"0",E68/R68) -> 0 | AG68: =IF(R68=0,"0",F68/R68) -> 0 | AH68: =IF(R68=0,"0",G68/R68) -> 0 | AI68: =IF(AF68="0","0",O68/AF68) -> 0 | AJ68: =IF(AG68="0","0",O68/AG68) -> 0 | AK68: =IF(AH68="0","0",N68/AH68) -> 0 | AL68: =T68+Z68+AF68 -> 29.43 | AM68: =U68+AA68+AG68 -> 14.715 | AN68: =V68+AB68+AH68 -> 11.03625 | AO68: =IF(I68="Strap","Tensile",IF(P68>0,"Tensile","Shear")) -> Shear | AP68: =IF(I68="Strap","Tensile",IF(Q68>0,"Tensile","Shear")) -> Tensile | AQ68: =IF(I68="Strap","Tensile",IF(R68>0,"Tensile","Shear")) -> Shear | AR68: =W68+AC68+AI68 -> 829.05335 | AS68: =X68+AD68+AJ68 -> 3316.2134 | AT68: =Y68+AE68+AK68 -> 2210.8089

Sheet Fastener Data
B2: Property Class | C2: Allowable Yield Stress (MPa) | E2: Bolt Size | F2: Minor Diameter Area (mm^2) | G2: Minor Diameter (mm)
B3: A2-70 | C3: 450 | E3: M1.6 | F3: 1.0762 | G3: =2*SQRT(F3/PI()) -> 1.1705812
B4: 4.6 | C4: 240 | E4: M2 | F4: 1.789 | G4: =2*SQRT(F4/PI()) -> 1.5092467
B5: 4.8 | C5: 340 | E5: M2.5 | F5: 2.9801 | G5: =2*SQRT(F5/PI()) -> 1.9479171
B6: 5.8 | C6: 420 | E6: M3 | F6: 4.4734 | G6: =2*SQRT(F6/PI()) -> 2.3865686
B7: 8.8 | C7: 640 | E7: M3.5 | F7: 5.9997 | G7: =2*SQRT(F7/PI()) -> 2.7638841
B8: 9.8 | C8: 720 | E8: M4 | F8: 7.7496 | G8: =2*SQRT(F8/PI()) -> 3.1411936
B9: 10.9 | C9: 940 | E9: M5 | F9: 12.683 | G9: =2*SQRT(F9/PI()) -> 4.0185193
B10: 12.9 | C10: 1100 | E10: M6 | F10: 17.894 | G10: =2*SQRT(F10/PI()) -> 4.7731906
B11: DRing | C11: 8896 | E11: M8 | F11: 32.841 | G11: =2*SQRT(F11/PI()) -> 6.4664101
B12: Locking Pin | C12: 250 | E12: M10 | F12: 52.292 | G12: =2*SQRT(F12/PI()) -> 8.1596717
B13: Ratchet (1.5") | C13: 30000 | E13: M12 | F13: 76.247 | G13: =2*SQRT(F13/PI()) -> 9.8529536
B14: Ratchet (1") | C14: 5000 | E14: M14 | F14: 104.71 | G14: =2*SQRT(F14/PI()) -> 11.546468
B15: Strap (Net) | C15: 3500 | E15: M16 | F15: 144.12 | G15: =2*SQRT(F15/PI()) -> 13.546191
B16: Spring Latch | C16: 165 | E16: M20 | F16: 225.19 | G16: =2*SQRT(F16/PI()) -> 16.932832
B17: Camlock Strap (1.5") | C17: 18000 | E17: M22* | F17: 281.53 | G17: =2*SQRT(F17/PI()) -> 18.932911
B18: Camlock Strap (1") | C18: 2500 | E18: M24 | F18: 324.27 | G18: =2*SQRT(F18/PI()) -> 20.319286
E19: M27* | F19: 427.09 | G19: =2*SQRT(F19/PI()) -> 23.31926
E20: M30 | F20: 518.99 | G20: =2*SQRT(F20/PI()) -> 25.706003
B21: Note: For non-bolt down (eg, Lashing & Dring) are in Newton | E21: M33 | F21: 647.19 | G21: =2*SQRT(F21/PI()) -> 28.705886
E22: M36 | F22: 759.28 | G22: =2*SQRT(F22/PI()) -> 31.092528
E23: 1/4-20 | F23: =PI()*G23^2/4 -> 21.711909 | G23: 5.2578
E24: Locking Pin | F24: =PI()*((G24/2)^2) -> 28.274334 | G24: 6
E25: Spring Latch | F25: =PI()*((G25/2)^2) -> 113.09734 | G25: 12
E26: Ratchet (1.5") | F26: 1 | G26: 1
E27: Ratchet (1") | F27: 1 | G27: 1
E28: Camlock Strap (1.5") | F28: 1 | G28: 1
E29: Camlock Strap (1") | F29: 1 | G29: 1
H30: 9.74mm

Sheet Tie-Down Provision Summary
B1: M2 Tie-Down Provision Summary
C3: Gravity Constant | D3: ='Tie-Down Provision Workings'!D3 -> 9.81 | E3: m/s^2
C4: Longitudinal Design Force | D4: ='Tie-Down Provision Workings'!D4 -> 4 | E4: G
C5: Vertical Design Force | D5: ='Tie-Down Provision Workings'!D5 -> 2 | E5: G
C6: Lateral Design Force | D6: ='Tie-Down Provision Workings'!D6 -> 1.5 | E6: G
E8: Ultimate Limit Load (N) | H8: Directly Fastened By
B9: No. | C9: Item | D9: Individual Weight (kg) | E9: Load Direction | F9: Loading Factor (G) | G9: Design Limit Load (N) | H9: Type of Fastener | I9: Qty Used Per Axis | J9: Force (N) | K9: Force Type | L9: Individual Force (N) | M9: Safety Factor
B10: 1 | C10: =VLOOKUP(B10,'Tie-Down Provision Workings'!$B$10:$AT$64,2,FALSE) -> Air-Con (IDU 1, 2) fastened to front wall | D10: =VLOOKUP(C10,'Tie-Down Provision Workings'!$C$10:$AT$64,2,FALSE) -> 14 | E10: Longitudinal | F10: =$D$4 -> 4 | G10: =VLOOKUP(C10,'Tie-Down Provision Workings'!$C$10:$AT$64,3,FALSE) -> 549.36 | H10: =VLOOKUP(C10,'Tie-Down Provision Workings'!$C$10:$AT$64,8,FALSE) -> M6 | I10: =VLOOKUP(C10,'Tie-Down Provision Workings'!$C$10:$AT$64,14,FALSE) -> 6 | J10: =IF(K10="Shear",VLOOKUP(C10,'Tie-Down Provision Workings'!$C$10:$AT$64,13,FALSE),VLOOKUP(C10,'Tie-Down Provision Workings'!$C$10:$AT$64,12,FALSE)) -> 11452.16 | K10: =VLOOKUP(C10,'Tie-Down Provision Workings'!$C$10:$AT$64,39,FALSE) -> Tensile | L10: =VLOOKUP(C10,'Tie-Down Provision Workings'!$C$10:$AT$64,36,FALSE) -> 91.56 | M10: =VLOOKUP(C10,'Tie-Down Provision Workings'!$C$10:$AT$64,42,FALSE) -> 125.0782
E11: Vertical | F11: =$D$5 -> 2 | G11: =VLOOKUP(C10,'Tie-Down Provision Workings'!$C$10:$AT$64,4,FALSE) -> 274.68 | I11: =VLOOKUP(C10,'Tie-Down Provision Workings'!$C$10:$AT$64,14,FALSE) -> 6 | J11: =IF(K11="Shear",VLOOKUP(C10,'Tie-Down Provision Workings'!$C$10:$AT$64,13,FALSE),VLOOKUP(C10,'Tie-Down Provision Workings'!$C$10:$AT$64,12,FALSE)) -> 5726.08 | K11: =VLOOKUP(C10,'Tie-Down Provision Workings'!$C$10:$AT$64,40,FALSE) -> Shear | L11: =VLOOKUP(C10,'Tie-Down Provision Workings'!$C$10:$AT$64,37,FALSE) -> 45.78 | M11: =VLOOKUP(C10,'Tie-Down Provision Workings'!$C$10:$AT$64,43,FALSE) -> 125.0782
E12: Lateral | F12: =$D$6 -> 1.5 | G12: =VLOOKUP(C10,'Tie-Down Provision Workings'!$C$10:$AT$64,5,FALSE) -> 206.01 | I12: =VLOOKUP(C10,'Tie-Down Provision Workings'!$C$10:$AT$64,16,FALSE) -> 0 | J12: =IF(K12="Shear",VLOOKUP(C10,'Tie-Down Provision Workings'!$C$10:$AT$64,13,FALSE),VLOOKUP(C10,'Tie-Down Provision Workings'!$C$10:$AT$64,12,FALSE)) -> 5726.08 | K12: =VLOOKUP(C10,'Tie-Down Provision Workings'!$C$10:$AT$64,41,FALSE) -> Shear | L12: =VLOOKUP(C10,'Tie-Down Provision Workings'!$C$10:$AT$64,38,FALSE) -> 34.335 | M12: =VLOOKUP(C10,'Tie-Down Provision Workings'!$C$10:$AT$64,44,FALSE) -> 166.77093
B13: 1 | C13: =VLOOKUP(B13,'Tie-Down Provision Workings'!$B$10:$AT$69,2,FALSE) -> Air-Con (IDU 1, 2) fastened to front wall | D13: =VLOOKUP(C13,'Tie-Down Provision Workings'!$C$10:$AT$69,2,FALSE) -> 14 | E13: Longitudinal | F13: =$D$4 -> 4 | G13: =VLOOKUP(C13,'Tie-Down Provision Workings'!$C$10:$AT$69,3,FALSE) -> 549.36 | H13: =VLOOKUP(C13,'Tie-Down Provision Workings'!$C$10:$AT$69,8,FALSE) -> M6 | I13: ='Tie-Down Provision Workings'!S10 -> 6 | J13: =IF(K13="Shear",VLOOKUP(C13,'Tie-Down Provision Workings'!$C$10:$AT$69,13,FALSE),VLOOKUP(C13,'Tie-Down Provision Workings'!$C$10:$AT$69,12,FALSE)) -> 11452.16 | K13: =VLOOKUP(C13,'Tie-Down Provision Workings'!$C$10:$AT$69,39,FALSE) -> Tensile | L13: =VLOOKUP(C13,'Tie-Down Provision Workings'!$C$10:$AT$69,36,FALSE) -> 91.56 | M13: =VLOOKUP(C13,'Tie-Down Provision Workings'!$C$10:$AT$69,42,FALSE) -> 125.0782
E14: Vertical | F14: =$D$5 -> 2 | G14: =VLOOKUP(C13,'Tie-Down Provision Workings'!$C$10:$AT$69,4,FALSE) -> 274.68 | J14: =IF(K14="Shear",VLOOKUP(C13,'Tie-Down Provision Workings'!$C$10:$AT$69,13,FALSE),VLOOKUP(C13,'Tie-Down Provision Workings'!$C$10:$AT$69,12,FALSE)) -> 5726.08 | K14: =VLOOKUP(C13,'Tie-Down Provision Workings'!$C$10:$AT$69,40,FALSE) -> Shear | L14: =VLOOKUP(C13,'Tie-Down Provision Workings'!$C$10:$AT$69,37,FALSE) -> 45.78 | M14: =VLOOKUP(C13,'Tie-Down Provision Workings'!$C$10:$AT$69,43,FALSE) -> 125.0782
E15: Lateral | F15: =$D$6 -> 1.5 | G15: =VLOOKUP(C13,'Tie-Down Provision Workings'!$C$10:$AT$69,5,FALSE) -> 206.01 | J15: =IF(K15="Shear",VLOOKUP(C13,'Tie-Down Provision Workings'!$C$10:$AT$69,13,FALSE),VLOOKUP(C13,'Tie-Down Provision Workings'!$C$10:$AT$69,12,FALSE)) -> 5726.08 | K15: =VLOOKUP(C13,'Tie-Down Provision Workings'!$C$10:$AT$69,41,FALSE) -> Shear | L15: =VLOOKUP(C13,'Tie-Down Provision Workings'!$C$10:$AT$69,38,FALSE) -> 34.335 | M15: =VLOOKUP(C13,'Tie-Down Provision Workings'!$C$10:$AT$69,44,FALSE) -> 166.77093
B16: 2 | C16: =VLOOKUP(B16,'Tie-Down Provision Workings'!$B$10:$AT$69,2,FALSE) -> Air-Con (IDU 3) fastened to right wall | D16: =VLOOKUP(C16,'Tie-Down Provision Workings'!$C$10:$AT$69,2,FALSE) -> 14 | E16: Longitudinal | F16: =$D$4 -> 4 | G16: =VLOOKUP(C16,'Tie-Down Provision Workings'!$C$10:$AT$69,3,FALSE) -> 549.36 | H16: =VLOOKUP(C16,'Tie-Down Provision Workings'!$C$10:$AT$69,8,FALSE) -> M6 | I16: ='Tie-Down Provision Workings'!S11 -> 6 | J16: =IF(K16="Shear",VLOOKUP(C16,'Tie-Down Provision Workings'!$C$10:$AT$69,13,FALSE),VLOOKUP(C16,'Tie-Down Provision Workings'!$C$10:$AT$69,12,FALSE)) -> 5726.08 | K16: =VLOOKUP(C16,'Tie-Down Provision Workings'!$C$10:$AT$69,39,FALSE) -> Shear | L16: =VLOOKUP(C16,'Tie-Down Provision Workings'!$C$10:$AT$69,36,FALSE) -> 91.56 | M16: =VLOOKUP(C16,'Tie-Down Provision Workings'!$C$10:$AT$69,42,FALSE) -> 62.5391
E17: Vertical | F17: =$D$5 -> 2 | G17: =VLOOKUP(C16,'Tie-Down Provision Workings'!$C$10:$AT$69,4,FALSE) -> 274.68 | J17: =IF(K17="Shear",VLOOKUP(C16,'Tie-Down Provision Workings'!$C$10:$AT$69,13,FALSE),VLOOKUP(C16,'Tie-Down Provision Workings'!$C$10:$AT$69,12,FALSE)) -> 5726.08 | K17: =VLOOKUP(C16,'Tie-Down Provision Workings'!$C$10:$AT$69,40,FALSE) -> Shear | L17: =VLOOKUP(C16,'Tie-Down Provision Workings'!$C$10:$AT$69,37,FALSE) -> 45.78 | M17: =VLOOKUP(C16,'Tie-Down Provision Workings'!$C$10:$AT$69,43,FALSE) -> 125.0782
E18: Lateral | F18: =$D$6 -> 1.5 | G18: =VLOOKUP(C16,'Tie-Down Provision Workings'!$C$10:$AT$69,5,FALSE) -> 206.01 | J18: =IF(K18="Shear",VLOOKUP(C16,'Tie-Down Provision Workings'!$C$10:$AT$69,13,FALSE),VLOOKUP(C16,'Tie-Down Provision Workings'!$C$10:$AT$69,12,FALSE)) -> 11452.16 | K18: =VLOOKUP(C16,'Tie-Down Provision Workings'!$C$10:$AT$69,41,FALSE) -> Tensile | L18: =VLOOKUP(C16,'Tie-Down Provision Workings'!$C$10:$AT$69,38,FALSE) -> 34.335 | M18: =VLOOKUP(C16,'Tie-Down Provision Workings'!$C$10:$AT$69,44,FALSE) -> 333.54187
B19: 3 | C19: =VLOOKUP(B19,'Tie-Down Provision Workings'!$B$10:$AT$69,2,FALSE) -> Air-Con (ODU 1, 2, 3) fastened to the top frame of the utility rack and the floor of the EM mast working platform | D19: =VLOOKUP(C19,'Tie-Down Provision Workings'!$C$10:$AT$69,2,FALSE) -> 51 | E19: Longitudinal | F19: =$D$4 -> 4 | G19: =VLOOKUP(C19,'Tie-Down Provision Workings'!$C$10:$AT$69,3,FALSE) -> 2001.24 | H19: =VLOOKUP(C19,'Tie-Down Provision Workings'!$C$10:$AT$69,8,FALSE) -> M10 | I19: ='Tie-Down Provision Workings'!S12 -> 4 | J19: =IF(K19="Shear",VLOOKUP(C19,'Tie-Down Provision Workings'!$C$10:$AT$69,13,FALSE),VLOOKUP(C19,'Tie-Down Provision Workings'!$C$10:$AT$69,12,FALSE)) -> 16733.44 | K19: =VLOOKUP(C19,'Tie-Down Provision Workings'!$C$10:$AT$69,39,FALSE) -> Shear | L19: =VLOOKUP(C19,'Tie-Down Provision Workings'!$C$10:$AT$69,36,FALSE) -> 500.31 | M19: =VLOOKUP(C19,'Tie-Down Provision Workings'!$C$10:$AT$69,42,FALSE) -> 33.446143
E20: Vertical | F20: =$D$5 -> 2 | G20: =VLOOKUP(C19,'Tie-Down Provision Workings'!$C$10:$AT$69,4,FALSE) -> 1000.62 | J20: =IF(K20="Shear",VLOOKUP(C19,'Tie-Down Provision Workings'!$C$10:$AT$69,13,FALSE),VLOOKUP(C19,'Tie-Down Provision Workings'!$C$10:$AT$69,12,FALSE)) -> 33466.88 | K20: =VLOOKUP(C19,'Tie-Down Provision Workings'!$C$10:$AT$69,40,FALSE) -> Tensile | L20: =VLOOKUP(C19,'Tie-Down Provision Workings'!$C$10:$AT$69,37,FALSE) -> 250.155 | M20: =VLOOKUP(C19,'Tie-Down Provision Workings'!$C$10:$AT$69,43,FALSE) -> 133.78457
E21: Lateral | F21: =$D$6 -> 1.5 | G21: =VLOOKUP(C19,'Tie-Down Provision Workings'!$C$10:$AT$69,5,FALSE) -> 750.465 | J21: =IF(K21="Shear",VLOOKUP(C19,'Tie-Down Provision Workings'!$C$10:$AT$69,13,FALSE),VLOOKUP(C19,'Tie-Down Provision Workings'!$C$10:$AT$69,12,FALSE)) -> 16733.44 | K21: =VLOOKUP(C19,'Tie-Down Provision Workings'!$C$10:$AT$69,41,FALSE) -> Shear | L21: =VLOOKUP(C19,'Tie-Down Provision Workings'!$C$10:$AT$69,38,FALSE) -> 187.61625 | M21: =VLOOKUP(C19,'Tie-Down Provision Workings'!$C$10:$AT$69,44,FALSE) -> 89.189716
B22: 4 | C22: =VLOOKUP(B22,'Tie-Down Provision Workings'!$B$10:$AT$69,2,FALSE) -> Foldable Table fastened to right side wall | D22: =VLOOKUP(C22,'Tie-Down Provision Workings'!$C$10:$AT$69,2,FALSE) -> 10 | E22: Longitudinal | F22: =$D$4 -> 4 | G22: =VLOOKUP(C22,'Tie-Down Provision Workings'!$C$10:$AT$69,3,FALSE) -> 392.4 | H22: =VLOOKUP(C22,'Tie-Down Provision Workings'!$C$10:$AT$69,8,FALSE) -> M6 | I22: ='Tie-Down Provision Workings'!S13 -> 6 | J22: =IF(K22="Shear",VLOOKUP(C22,'Tie-Down Provision Workings'!$C$10:$AT$69,13,FALSE),VLOOKUP(C22,'Tie-Down Provision Workings'!$C$10:$AT$69,12,FALSE)) -> 5726.08 | K22: =VLOOKUP(C22,'Tie-Down Provision Workings'!$C$10:$AT$69,39,FALSE) -> Shear | L22: =VLOOKUP(C22,'Tie-Down Provision Workings'!$C$10:$AT$69,36,FALSE) -> 65.4 | M22: =VLOOKUP(C22,'Tie-Down Provision Workings'!$C$10:$AT$69,42,FALSE) -> 87.55474
E23: Vertical | F23: =$D$5 -> 2 | G23: =VLOOKUP(C22,'Tie-Down Provision Workings'!$C$10:$AT$69,4,FALSE) -> 196.2 | J23: =IF(K23="Shear",VLOOKUP(C22,'Tie-Down Provision Workings'!$C$10:$AT$69,13,FALSE),VLOOKUP(C22,'Tie-Down Provision Workings'!$C$10:$AT$69,12,FALSE)) -> 5726.08 | K23: =VLOOKUP(C22,'Tie-Down Provision Workings'!$C$10:$AT$69,40,FALSE) -> Shear | L23: =VLOOKUP(C22,'Tie-Down Provision Workings'!$C$10:$AT$69,37,FALSE) -> 32.7 | M23: =VLOOKUP(C22,'Tie-Down Provision Workings'!$C$10:$AT$69,43,FALSE) -> 175.10948
E24: Lateral | F24: =$D$6 -> 1.5 | G24: =VLOOKUP(C22,'Tie-Down Provision Workings'!$C$10:$AT$69,5,FALSE) -> 147.15 | J24: =IF(K24="Shear",VLOOKUP(C22,'Tie-Down Provision Workings'!$C$10:$AT$69,13,FALSE),VLOOKUP(C22,'Tie-Down Provision Workings'!$C$10:$AT$69,12,FALSE)) -> 11452.16 | K24: =VLOOKUP(C22,'Tie-Down Provision Workings'!$C$10:$AT$69,41,FALSE) -> Tensile | L24: =VLOOKUP(C22,'Tie-Down Provision Workings'!$C$10:$AT$69,38,FALSE) -> 24.525 | M24: =VLOOKUP(C22,'Tie-Down Provision Workings'!$C$10:$AT$69,44,FALSE) -> 466.95861
B25: 5 | C25: =VLOOKUP(B25,'Tie-Down Provision Workings'!$B$10:$AT$69,2,FALSE) -> Foldable Chairs (3x) strap to the rear wall | D25: =VLOOKUP(C25,'Tie-Down Provision Workings'!$C$10:$AT$69,2,FALSE) -> 13.5 | E25: Longitudinal | F25: =$D$4 -> 4 | G25: =VLOOKUP(C25,'Tie-Down Provision Workings'!$C$10:$AT$69,3,FALSE) -> 529.74 | H25: =VLOOKUP(C25,'Tie-Down Provision Workings'!$C$10:$AT$69,8,FALSE) -> Camlock Strap (1") | I25: ='Tie-Down Provision Workings'!S14 -> 1 | J25: =IF(K25="Shear",VLOOKUP(C25,'Tie-Down Provision Workings'!$C$10:$AT$69,13,FALSE),VLOOKUP(C25,'Tie-Down Provision Workings'!$C$10:$AT$69,12,FALSE)) -> 2500 | K25: =VLOOKUP(C25,'Tie-Down Provision Workings'!$C$10:$AT$69,39,FALSE) -> Tensile | L25: =VLOOKUP(C25,'Tie-Down Provision Workings'!$C$10:$AT$69,36,FALSE) -> 529.74 | M25: =VLOOKUP(C25,'Tie-Down Provision Workings'!$C$10:$AT$69,42,FALSE) -> 4.7192963
E26: Vertical | F26: =$D$5 -> 2 | G26: =VLOOKUP(C25,'Tie-Down Provision Workings'!$C$10:$AT$69,4,FALSE) -> 264.87 | J26: =IF(K26="Shear",VLOOKUP(C25,'Tie-Down Provision Workings'!$C$10:$AT$69,13,FALSE),VLOOKUP(C25,'Tie-Down Provision Workings'!$C$10:$AT$69,12,FALSE)) -> 2500 | K26: =VLOOKUP(C25,'Tie-Down Provision Workings'!$C$10:$AT$69,40,FALSE) -> Shear | L26: =VLOOKUP(C25,'Tie-Down Provision Workings'!$C$10:$AT$69,37,FALSE) -> 264.87 | M26: =VLOOKUP(C25,'Tie-Down Provision Workings'!$C$10:$AT$69,43,FALSE) -> 9.4385925
E27: Lateral | F27: =$D$6 -> 1.5 | G27: =VLOOKUP(C25,'Tie-Down Provision Workings'!$C$10:$AT$69,5,FALSE) -> 198.6525 | J27: =IF(K27="Shear",VLOOKUP(C25,'Tie-Down Provision Workings'!$C$10:$AT$69,13,FALSE),VLOOKUP(C25,'Tie-Down Provision Workings'!$C$10:$AT$69,12,FALSE)) -> 2500 | K27: =VLOOKUP(C25,'Tie-Down Provision Workings'!$C$10:$AT$69,41,FALSE) -> Shear | L27: =VLOOKUP(C25,'Tie-Down Provision Workings'!$C$10:$AT$69,38,FALSE) -> 198.6525 | M27: =VLOOKUP(C25,'Tie-Down Provision Workings'!$C$10:$AT$69,44,FALSE) -> 12.58479
B28: 6 | C28: =VLOOKUP(B28,'Tie-Down Provision Workings'!$B$10:$AT$69,2,FALSE) -> First Aid Kit strap to the rear wall | D28: =VLOOKUP(C28,'Tie-Down Provision Workings'!$C$10:$AT$69,2,FALSE) -> 2 | E28: Longitudinal | F28: =$D$4 -> 4 | G28: =VLOOKUP(C28,'Tie-Down Provision Workings'!$C$10:$AT$69,3,FALSE) -> 78.48 | H28: =VLOOKUP(C28,'Tie-Down Provision Workings'!$C$10:$AT$69,8,FALSE) -> Camlock Strap (1") | I28: ='Tie-Down Provision Workings'!S15 -> 1 | J28: =IF(K28="Shear",VLOOKUP(C28,'Tie-Down Provision Workings'!$C$10:$AT$69,13,FALSE),VLOOKUP(C28,'Tie-Down Provision Workings'!$C$10:$AT$69,12,FALSE)) -> 2500 | K28: =VLOOKUP(C28,'Tie-Down Provision Workings'!$C$10:$AT$69,39,FALSE) -> Tensile | L28: =VLOOKUP(C28,'Tie-Down Provision Workings'!$C$10:$AT$69,36,FALSE) -> 78.48 | M28: =VLOOKUP(C28,'Tie-Down Provision Workings'!$C$10:$AT$69,42,FALSE) -> 31.85525
E29: Vertical | F29: =$D$5 -> 2 | G29: =VLOOKUP(C28,'Tie-Down Provision Workings'!$C$10:$AT$69,4,FALSE) -> 39.24 | J29: =IF(K29="Shear",VLOOKUP(C28,'Tie-Down Provision Workings'!$C$10:$AT$69,13,FALSE),VLOOKUP(C28,'Tie-Down Provision Workings'!$C$10:$AT$69,12,FALSE)) -> 2500 | K29: =VLOOKUP(C28,'Tie-Down Provision Workings'!$C$10:$AT$69,40,FALSE) -> Shear | L29: =VLOOKUP(C28,'Tie-Down Provision Workings'!$C$10:$AT$69,37,FALSE) -> 39.24 | M29: =VLOOKUP(C28,'Tie-Down Provision Workings'!$C$10:$AT$69,43,FALSE) -> 63.710499
E30: Lateral | F30: =$D$6 -> 1.5 | G30: =VLOOKUP(C28,'Tie-Down Provision Workings'!$C$10:$AT$69,5,FALSE) -> 29.43 | J30: =IF(K30="Shear",VLOOKUP(C28,'Tie-Down Provision Workings'!$C$10:$AT$69,13,FALSE),VLOOKUP(C28,'Tie-Down Provision Workings'!$C$10:$AT$69,12,FALSE)) -> 2500 | K30: =VLOOKUP(C28,'Tie-Down Provision Workings'!$C$10:$AT$69,41,FALSE) -> Shear | L30: =VLOOKUP(C28,'Tie-Down Provision Workings'!$C$10:$AT$69,38,FALSE) -> 29.43 | M30: =VLOOKUP(C28,'Tie-Down Provision Workings'!$C$10:$AT$69,44,FALSE) -> 84.947333
B31: 7 | C31: =VLOOKUP(B31,'Tie-Down Provision Workings'!$B$10:$AT$69,2,FALSE) -> CO Detector fastenered to the rear wall | D31: =VLOOKUP(C31,'Tie-Down Provision Workings'!$C$10:$AT$69,2,FALSE) -> 1 | E31: Longitudinal | F31: =$D$4 -> 4 | G31: =VLOOKUP(C31,'Tie-Down Provision Workings'!$C$10:$AT$69,3,FALSE) -> 39.24 | H31: =VLOOKUP(C31,'Tie-Down Provision Workings'!$C$10:$AT$69,8,FALSE) -> Camlock Strap (1") | I31: ='Tie-Down Provision Workings'!S16 -> 1 | J31: =IF(K31="Shear",VLOOKUP(C31,'Tie-Down Provision Workings'!$C$10:$AT$69,13,FALSE),VLOOKUP(C31,'Tie-Down Provision Workings'!$C$10:$AT$69,12,FALSE)) -> 2500 | K31: =VLOOKUP(C31,'Tie-Down Provision Workings'!$C$10:$AT$69,39,FALSE) -> Tensile | L31: =VLOOKUP(C31,'Tie-Down Provision Workings'!$C$10:$AT$69,36,FALSE) -> 39.24 | M31: =VLOOKUP(C31,'Tie-Down Provision Workings'!$C$10:$AT$69,42,FALSE) -> 63.710499
E32: Vertical | F32: =$D$5 -> 2 | G32: =VLOOKUP(C31,'Tie-Down Provision Workings'!$C$10:$AT$69,4,FALSE) -> 19.62 | J32: =IF(K32="Shear",VLOOKUP(C31,'Tie-Down Provision Workings'!$C$10:$AT$69,13,FALSE),VLOOKUP(C31,'Tie-Down Provision Workings'!$C$10:$AT$69,12,FALSE)) -> 2500 | K32: =VLOOKUP(C31,'Tie-Down Provision Workings'!$C$10:$AT$69,40,FALSE) -> Shear | L32: =VLOOKUP(C31,'Tie-Down Provision Workings'!$C$10:$AT$69,37,FALSE) -> 19.62 | M32: =VLOOKUP(C31,'Tie-Down Provision Workings'!$C$10:$AT$69,43,FALSE) -> 127.421
E33: Lateral | F33: =$D$6 -> 1.5 | G33: =VLOOKUP(C31,'Tie-Down Provision Workings'!$C$10:$AT$69,5,FALSE) -> 14.715 | J33: =IF(K33="Shear",VLOOKUP(C31,'Tie-Down Provision Workings'!$C$10:$AT$69,13,FALSE),VLOOKUP(C31,'Tie-Down Provision Workings'!$C$10:$AT$69,12,FALSE)) -> 2500 | K33: =VLOOKUP(C31,'Tie-Down Provision Workings'!$C$10:$AT$69,41,FALSE) -> Shear | L33: =VLOOKUP(C31,'Tie-Down Provision Workings'!$C$10:$AT$69,38,FALSE) -> 14.715 | M33: =VLOOKUP(C31,'Tie-Down Provision Workings'!$C$10:$AT$69,44,FALSE) -> 169.89467
B34: 8 | C34: =VLOOKUP(B34,'Tie-Down Provision Workings'!$B$10:$AT$69,2,FALSE) -> Fire Extinguisher fastened to the rear wall | D34: =VLOOKUP(C34,'Tie-Down Provision Workings'!$C$10:$AT$69,2,FALSE) -> 4 | E34: Longitudinal | F34: =$D$4 -> 4 | G34: =VLOOKUP(C34,'Tie-Down Provision Workings'!$C$10:$AT$69,3,FALSE) -> 156.96 | H34: =VLOOKUP(C34,'Tie-Down Provision Workings'!$C$10:$AT$69,8,FALSE) -> M6 | I34: ='Tie-Down Provision Workings'!S17 -> 3 | J34: =IF(K34="Shear",VLOOKUP(C34,'Tie-Down Provision Workings'!$C$10:$AT$69,13,FALSE),VLOOKUP(C34,'Tie-Down Provision Workings'!$C$10:$AT$69,12,FALSE)) -> 11452.16 | K34: =VLOOKUP(C34,'Tie-Down Provision Workings'!$C$10:$AT$69,39,FALSE) -> Tensile | L34: =VLOOKUP(C34,'Tie-Down Provision Workings'!$C$10:$AT$69,36,FALSE) -> 52.32 | M34: =VLOOKUP(C34,'Tie-Down Provision Workings'!$C$10:$AT$69,42,FALSE) -> 218.88685
E35: Vertical | F35: =$D$5 -> 2 | G35: =VLOOKUP(C34,'Tie-Down Provision Workings'!$C$10:$AT$69,4,FALSE) -> 78.48 | J35: =IF(K35="Shear",VLOOKUP(C34,'Tie-Down Provision Workings'!$C$10:$AT$69,13,FALSE),VLOOKUP(C34,'Tie-Down Provision Workings'!$C$10:$AT$69,12,FALSE)) -> 5726.08 | K35: =VLOOKUP(C34,'Tie-Down Provision Workings'!$C$10:$AT$69,40,FALSE) -> Shear | L35: =VLOOKUP(C34,'Tie-Down Provision Workings'!$C$10:$AT$69,37,FALSE) -> 26.16 | M35: =VLOOKUP(C34,'Tie-Down Provision Workings'!$C$10:$AT$69,43,FALSE) -> 218.88685
E36: Lateral | F36: =$D$6 -> 1.5 | G36: =VLOOKUP(C34,'Tie-Down Provision Workings'!$C$10:$AT$69,5,FALSE) -> 58.86 | J36: =IF(K36="Shear",VLOOKUP(C34,'Tie-Down Provision Workings'!$C$10:$AT$69,13,FALSE),VLOOKUP(C34,'Tie-Down Provision Workings'!$C$10:$AT$69,12,FALSE)) -> 5726.08 | K36: =VLOOKUP(C34,'Tie-Down Provision Workings'!$C$10:$AT$69,41,FALSE) -> Shear | L36: =VLOOKUP(C34,'Tie-Down Provision Workings'!$C$10:$AT$69,38,FALSE) -> 19.62 | M36: =VLOOKUP(C34,'Tie-Down Provision Workings'!$C$10:$AT$69,44,FALSE) -> 291.84913
B37: 9 | C37: =VLOOKUP(B37,'Tie-Down Provision Workings'!$B$10:$AT$69,2,FALSE) -> Safety Harness with Bag strap to the rear wall | D37: =VLOOKUP(C37,'Tie-Down Provision Workings'!$C$10:$AT$69,2,FALSE) -> 10 | E37: Longitudinal | F37: =$D$4 -> 4 | G37: =VLOOKUP(C37,'Tie-Down Provision Workings'!$C$10:$AT$69,3,FALSE) -> 392.4 | H37: =VLOOKUP(C37,'Tie-Down Provision Workings'!$C$10:$AT$69,8,FALSE) -> Camlock Strap (1") | I37: ='Tie-Down Provision Workings'!S18 -> 2 | J37: =IF(K37="Shear",VLOOKUP(C37,'Tie-Down Provision Workings'!$C$10:$AT$69,13,FALSE),VLOOKUP(C37,'Tie-Down Provision Workings'!$C$10:$AT$69,12,FALSE)) -> 2500 | K37: =VLOOKUP(C37,'Tie-Down Provision Workings'!$C$10:$AT$69,39,FALSE) -> Tensile | L37: =VLOOKUP(C37,'Tie-Down Provision Workings'!$C$10:$AT$69,36,FALSE) -> 196.2 | M37: =VLOOKUP(C37,'Tie-Down Provision Workings'!$C$10:$AT$69,42,FALSE) -> 12.7421
E38: Vertical | F38: =$D$5 -> 2 | G38: =VLOOKUP(C37,'Tie-Down Provision Workings'!$C$10:$AT$69,4,FALSE) -> 196.2 | J38: =IF(K38="Shear",VLOOKUP(C37,'Tie-Down Provision Workings'!$C$10:$AT$69,13,FALSE),VLOOKUP(C37,'Tie-Down Provision Workings'!$C$10:$AT$69,12,FALSE)) -> 2500 | K38: =VLOOKUP(C37,'Tie-Down Provision Workings'!$C$10:$AT$69,40,FALSE) -> Shear | L38: =VLOOKUP(C37,'Tie-Down Provision Workings'!$C$10:$AT$69,37,FALSE) -> 98.1 | M38: =VLOOKUP(C37,'Tie-Down Provision Workings'!$C$10:$AT$69,43,FALSE) -> 25.4842
E39: Lateral | F39: =$D$6 -> 1.5 | G39: =VLOOKUP(C37,'Tie-Down Provision Workings'!$C$10:$AT$69,5,FALSE) -> 147.15 | J39: =IF(K39="Shear",VLOOKUP(C37,'Tie-Down Provision Workings'!$C$10:$AT$69,13,FALSE),VLOOKUP(C37,'Tie-Down Provision Workings'!$C$10:$AT$69,12,FALSE)) -> 2500 | K39: =VLOOKUP(C37,'Tie-Down Provision Workings'!$C$10:$AT$69,41,FALSE) -> Shear | L39: =VLOOKUP(C37,'Tie-Down Provision Workings'!$C$10:$AT$69,38,FALSE) -> 73.575 | M39: =VLOOKUP(C37,'Tie-Down Provision Workings'!$C$10:$AT$69,44,FALSE) -> 33.978933
E41: Ultimate Limit Load (N) | H41: Directly Fastened By
B42: No. | C42: Item | D42: IndividualWeight (kg) | E42: Load Direction | F42: Design Force (G) | G42: Design Limit Load (N) | H42: Fastener Type/Size | I42: Fastener Qty (pc) | J42: Yield Force (N) | K42: Fastener Experienced Force Type | L42: Fastener Experienced Force (N) | M42: Fastener Safety Factor
B43: 10 | C43: =VLOOKUP(B43,'Tie-Down Provision Workings'!$B$10:$AT$69,2,FALSE) -> DCC Touch Panel fastened to the rear wall | D43: =VLOOKUP(C43,'Tie-Down Provision Workings'!$C$10:$AT$69,2,FALSE) -> 10 | E43: Longitudinal | F43: =$D$4 -> 4 | G43: =VLOOKUP(C43,'Tie-Down Provision Workings'!$C$10:$AT$69,3,FALSE) -> 392.4 | H43: =VLOOKUP(C43,'Tie-Down Provision Workings'!$C$10:$AT$69,8,FALSE) -> M6 | I43: ='Tie-Down Provision Workings'!S19 -> 4 | J43: =IF(K43="Shear",VLOOKUP(C43,'Tie-Down Provision Workings'!$C$10:$AT$69,13,FALSE),VLOOKUP(C43,'Tie-Down Provision Workings'!$C$10:$AT$69,12,FALSE)) -> 11452.16 | K43: =VLOOKUP(C43,'Tie-Down Provision Workings'!$C$10:$AT$69,39,FALSE) -> Tensile | L43: =VLOOKUP(C43,'Tie-Down Provision Workings'!$C$10:$AT$69,36,FALSE) -> 98.1 | M43: =VLOOKUP(C43,'Tie-Down Provision Workings'!$C$10:$AT$69,42,FALSE) -> 116.73965
E44: Vertical | F44: =$D$5 -> 2 | G44: =VLOOKUP(C43,'Tie-Down Provision Workings'!$C$10:$AT$69,4,FALSE) -> 196.2 | J44: =IF(K44="Shear",VLOOKUP(C43,'Tie-Down Provision Workings'!$C$10:$AT$69,13,FALSE),VLOOKUP(C43,'Tie-Down Provision Workings'!$C$10:$AT$69,12,FALSE)) -> 5726.08 | K44: =VLOOKUP(C43,'Tie-Down Provision Workings'!$C$10:$AT$69,40,FALSE) -> Shear | L44: =VLOOKUP(C43,'Tie-Down Provision Workings'!$C$10:$AT$69,37,FALSE) -> 49.05 | M44: =VLOOKUP(C43,'Tie-Down Provision Workings'!$C$10:$AT$69,43,FALSE) -> 116.73965
E45: Lateral | F45: =$D$6 -> 1.5 | G45: =VLOOKUP(C43,'Tie-Down Provision Workings'!$C$10:$AT$69,5,FALSE) -> 147.15 | J45: =IF(K45="Shear",VLOOKUP(C43,'Tie-Down Provision Workings'!$C$10:$AT$69,13,FALSE),VLOOKUP(C43,'Tie-Down Provision Workings'!$C$10:$AT$69,12,FALSE)) -> 5726.08 | K45: =VLOOKUP(C43,'Tie-Down Provision Workings'!$C$10:$AT$69,41,FALSE) -> Shear | L45: =VLOOKUP(C43,'Tie-Down Provision Workings'!$C$10:$AT$69,38,FALSE) -> 36.7875 | M45: =VLOOKUP(C43,'Tie-Down Provision Workings'!$C$10:$AT$69,44,FALSE) -> 155.65287
B46: 11 | C46: =VLOOKUP(B46,'Tie-Down Provision Workings'!$B$10:$AT$69,2,FALSE) -> Generator fastened to the base structure at Outdoor Facilities | D46: =VLOOKUP(C46,'Tie-Down Provision Workings'!$C$10:$AT$69,2,FALSE) -> 1269 | E46: Longitudinal | F46: =$D$4 -> 4 | G46: =VLOOKUP(C46,'Tie-Down Provision Workings'!$C$10:$AT$69,3,FALSE) -> 49795.56 | H46: =VLOOKUP(C46,'Tie-Down Provision Workings'!$C$10:$AT$69,8,FALSE) -> M12 | I46: ='Tie-Down Provision Workings'!S20 -> 10 | J46: =IF(K46="Shear",VLOOKUP(C46,'Tie-Down Provision Workings'!$C$10:$AT$69,13,FALSE),VLOOKUP(C46,'Tie-Down Provision Workings'!$C$10:$AT$69,12,FALSE)) -> 24399.04 | K46: =VLOOKUP(C46,'Tie-Down Provision Workings'!$C$10:$AT$69,39,FALSE) -> Shear | L46: =VLOOKUP(C46,'Tie-Down Provision Workings'!$C$10:$AT$69,36,FALSE) -> 4979.556 | M46: =VLOOKUP(C46,'Tie-Down Provision Workings'!$C$10:$AT$69,42,FALSE) -> 4.8998425
E47: Vertical | F47: =$D$5 -> 2 | G47: =VLOOKUP(C46,'Tie-Down Provision Workings'!$C$10:$AT$69,4,FALSE) -> 24897.78 | J47: =IF(K47="Shear",VLOOKUP(C46,'Tie-Down Provision Workings'!$C$10:$AT$69,13,FALSE),VLOOKUP(C46,'Tie-Down Provision Workings'!$C$10:$AT$69,12,FALSE)) -> 48798.08 | K47: =VLOOKUP(C46,'Tie-Down Provision Workings'!$C$10:$AT$69,40,FALSE) -> Tensile | L47: =VLOOKUP(C46,'Tie-Down Provision Workings'!$C$10:$AT$69,37,FALSE) -> 2489.778 | M47: =VLOOKUP(C46,'Tie-Down Provision Workings'!$C$10:$AT$69,43,FALSE) -> 19.59937
E48: Lateral | F48: =$D$6 -> 1.5 | G48: =VLOOKUP(C46,'Tie-Down Provision Workings'!$C$10:$AT$64,5,FALSE) -> 18673.335 | J48: =IF(K48="Shear",VLOOKUP(C46,'Tie-Down Provision Workings'!$C$10:$AT$69,13,FALSE),VLOOKUP(C46,'Tie-Down Provision Workings'!$C$10:$AT$69,12,FALSE)) -> 24399.04 | K48: =VLOOKUP(C46,'Tie-Down Provision Workings'!$C$10:$AT$69,41,FALSE) -> Shear | L48: =VLOOKUP(C46,'Tie-Down Provision Workings'!$C$10:$AT$69,38,FALSE) -> 1867.3335 | M48: =VLOOKUP(C46,'Tie-Down Provision Workings'!$C$10:$AT$69,44,FALSE) -> 13.066247
B49: 12 | C49: =VLOOKUP(B49,'Tie-Down Provision Workings'!$B$10:$AT$69,2,FALSE) -> Outdoor Facilities Ladder latched in the Outdoor Facilities Ladder Storage | D49: =VLOOKUP(C49,'Tie-Down Provision Workings'!$C$10:$AT$69,2,FALSE) -> 20 | E49: Longitudinal | F49: =$D$4 -> 4 | G49: =VLOOKUP(C49,'Tie-Down Provision Workings'!$C$10:$AT$69,3,FALSE) -> 784.8 | H49: M8 | I49: 12 | J49: 21018.24 | K49: =VLOOKUP(C49,'Tie-Down Provision Workings'!$C$10:$AT$69,39,FALSE) -> Tensile | L49: =G49/I49 -> 65.4 | M49: =J49/L49 -> 321.37982
E50: Vertical | F50: =$D$5 -> 2 | G50: =VLOOKUP(C49,'Tie-Down Provision Workings'!$C$10:$AT$69,4,FALSE) -> 392.4 | H50: M8 | I50: 12 | J50: 10509.12 | K50: =VLOOKUP(C49,'Tie-Down Provision Workings'!$C$10:$AT$69,40,FALSE) -> Shear | L50: =G50/I50 -> 32.7 | M50: =J50/L50 -> 321.37982
E51: Lateral | F51: =$D$6 -> 1.5 | G51: =VLOOKUP(C49,'Tie-Down Provision Workings'!$C$10:$AT$69,5,FALSE) -> 294.3 | H51: =VLOOKUP(C49,'Tie-Down Provision Workings'!$C$10:$AT$69,8,FALSE) -> Spring Latch | I51: ='Tie-Down Provision Workings'!S21 -> 1 | J51: =IF(K51="Shear",VLOOKUP(C49,'Tie-Down Provision Workings'!$C$10:$AT$64,13,FALSE),VLOOKUP(C49,'Tie-Down Provision Workings'!$C$10:$AT$64,12,FALSE)) -> 9330.5302 | K51: =VLOOKUP(C49,'Tie-Down Provision Workings'!$C$10:$AT$69,41,FALSE) -> Shear | L51: =VLOOKUP(C49,'Tie-Down Provision Workings'!$C$10:$AT$69,38,FALSE) -> 294.3 | M51: =VLOOKUP(C49,'Tie-Down Provision Workings'!$C$10:$AT$69,44,FALSE) -> 31.704146
B52: 13 | C52: =VLOOKUP(B52,'Tie-Down Provision Workings'!$B$10:$AT$69,2,FALSE) -> Outdoor Facilities Ladder Storage fastened to the front bottom beam at Outdoor Facilities Area | D52: =VLOOKUP(C52,'Tie-Down Provision Workings'!$C$10:$AT$69,2,FALSE) -> 35 | E52: Longitudinal | F52: =$D$4 -> 4 | G52: =VLOOKUP(C52,'Tie-Down Provision Workings'!$C$10:$AT$69,3,FALSE) -> 1373.4 | H52: =VLOOKUP(C52,'Tie-Down Provision Workings'!$C$10:$AT$69,8,FALSE) -> M8 | I52: ='Tie-Down Provision Workings'!S22 -> 12 | J52: =IF(K52="Shear",VLOOKUP(C52,'Tie-Down Provision Workings'!$C$10:$AT$69,13,FALSE),VLOOKUP(C52,'Tie-Down Provision Workings'!$C$10:$AT$69,12,FALSE)) -> 21018.24 | K52: =VLOOKUP(C52,'Tie-Down Provision Workings'!$C$10:$AT$69,39,FALSE) -> Tensile | L52: =VLOOKUP(C52,'Tie-Down Provision Workings'!$C$10:$AT$69,36,FALSE) -> 114.45 | M52: =VLOOKUP(C52,'Tie-Down Provision Workings'!$C$10:$AT$69,42,FALSE) -> 183.64561
E53: Vertical | F53: =$D$5 -> 2 | G53: =VLOOKUP(C52,'Tie-Down Provision Workings'!$C$10:$AT$69,4,FALSE) -> 686.7 | J53: =IF(K53="Shear",VLOOKUP(C52,'Tie-Down Provision Workings'!$C$10:$AT$69,13,FALSE),VLOOKUP(C52,'Tie-Down Provision Workings'!$C$10:$AT$69,12,FALSE)) -> 10509.12 | K53: =VLOOKUP(C52,'Tie-Down Provision Workings'!$C$10:$AT$69,40,FALSE) -> Shear | L53: =VLOOKUP(C52,'Tie-Down Provision Workings'!$C$10:$AT$69,37,FALSE) -> 57.225 | M53: =VLOOKUP(C52,'Tie-Down Provision Workings'!$C$10:$AT$69,43,FALSE) -> 183.64561
E54: Lateral | F54: =$D$6 -> 1.5 | G54: =VLOOKUP(C52,'Tie-Down Provision Workings'!$C$10:$AT$69,5,FALSE) -> 515.025 | J54: =IF(K54="Shear",VLOOKUP(C52,'Tie-Down Provision Workings'!$C$10:$AT$69,13,FALSE),VLOOKUP(C52,'Tie-Down Provision Workings'!$C$10:$AT$69,12,FALSE)) -> 10509.12 | K54: =VLOOKUP(C52,'Tie-Down Provision Workings'!$C$10:$AT$69,41,FALSE) -> Shear | L54: =VLOOKUP(C52,'Tie-Down Provision Workings'!$C$10:$AT$69,38,FALSE) -> 42.91875 | M54: =VLOOKUP(C52,'Tie-Down Provision Workings'!$C$10:$AT$69,44,FALSE) -> 244.86081
B55: 14 | C55: =VLOOKUP(B55,'Tie-Down Provision Workings'!$B$10:$AT$69,2,FALSE) -> Rear Door Ladder latched in the Rear Door Ladder Storage | D55: =VLOOKUP(C55,'Tie-Down Provision Workings'!$C$10:$AT$69,2,FALSE) -> 20 | E55: Longitudinal | F55: =$D$4 -> 4 | G55: =VLOOKUP(C55,'Tie-Down Provision Workings'!$C$10:$AT$69,3,FALSE) -> 784.8 | H55: M8 | I55: 20 | J55: 21018.24 | K55: =VLOOKUP(C55,'Tie-Down Provision Workings'!$C$10:$AT$69,39,FALSE) -> Tensile | L55: =G55/I55 -> 39.24 | M55: =J55/L55 -> 535.63303
E56: Vertical | F56: =$D$5 -> 2 | G56: =VLOOKUP(C55,'Tie-Down Provision Workings'!$C$10:$AT$69,4,FALSE) -> 392.4 | H56: M8 | I56: 20 | J56: 10509.12 | K56: =VLOOKUP(C55,'Tie-Down Provision Workings'!$C$10:$AT$69,40,FALSE) -> Shear | L56: =G56/I56 -> 19.62 | M56: =J56/L56 -> 535.63303
E57: Lateral | F57: =$D$6 -> 1.5 | G57: =VLOOKUP(C55,'Tie-Down Provision Workings'!$C$10:$AT$69,5,FALSE) -> 294.3 | H57: =VLOOKUP(C55,'Tie-Down Provision Workings'!$C$10:$AT$69,8,FALSE) -> Spring Latch | I57: ='Tie-Down Provision Workings'!S23 -> 1 | J57: =IF(K57="Shear",VLOOKUP(C55,'Tie-Down Provision Workings'!$C$10:$AT$69,13,FALSE),VLOOKUP(C55,'Tie-Down Provision Workings'!$C$10:$AT$69,12,FALSE)) -> 9330.5302 | K57: =VLOOKUP(C55,'Tie-Down Provision Workings'!$C$10:$AT$69,41,FALSE) -> Shear | L57: =VLOOKUP(C55,'Tie-Down Provision Workings'!$C$10:$AT$64,38,FALSE) -> 294.3 | M57: =VLOOKUP(C55,'Tie-Down Provision Workings'!$C$10:$AT$69,44,FALSE) -> 31.704146
B58: 15 | C58: =VLOOKUP(B58,'Tie-Down Provision Workings'!$B$10:$AT$69,2,FALSE) -> Rear Door Ladder Storage w/ platform fastened to the rear bottom beam | D58: =VLOOKUP(C58,'Tie-Down Provision Workings'!$C$10:$AT$69,2,FALSE) -> 45 | E58: Longitudinal | F58: =$D$4 -> 4 | G58: =VLOOKUP(C58,'Tie-Down Provision Workings'!$C$10:$AT$69,3,FALSE) -> 1765.8 | H58: =VLOOKUP(C58,'Tie-Down Provision Workings'!$C$10:$AT$69,8,FALSE) -> M6 | I58: ='Tie-Down Provision Workings'!S24 -> 20 | J58: =IF(K58="Shear",VLOOKUP(C58,'Tie-Down Provision Workings'!$C$10:$AT$69,13,FALSE),VLOOKUP(C58,'Tie-Down Provision Workings'!$C$10:$AT$69,12,FALSE)) -> 11452.16 | K58: =VLOOKUP(C58,'Tie-Down Provision Workings'!$C$10:$AT$69,39,FALSE) -> Tensile | L58: =VLOOKUP(C58,'Tie-Down Provision Workings'!$C$10:$AT$69,36,FALSE) -> 88.29 | M58: =VLOOKUP(C58,'Tie-Down Provision Workings'!$C$10:$AT$69,42,FALSE) -> 129.71073
E59: Vertical | F59: =$D$5 -> 2 | G59: =VLOOKUP(C58,'Tie-Down Provision Workings'!$C$10:$AT$69,4,FALSE) -> 882.9 | J59: =IF(K59="Shear",VLOOKUP(C58,'Tie-Down Provision Workings'!$C$10:$AT$69,13,FALSE),VLOOKUP(C58,'Tie-Down Provision Workings'!$C$10:$AT$69,12,FALSE)) -> 5726.08 | K59: =VLOOKUP(C58,'Tie-Down Provision Workings'!$C$10:$AT$69,40,FALSE) -> Shear | L59: =VLOOKUP(C58,'Tie-Down Provision Workings'!$C$10:$AT$69,37,FALSE) -> 44.145 | M59: =VLOOKUP(C58,'Tie-Down Provision Workings'!$C$10:$AT$69,43,FALSE) -> 129.71073
E60: Lateral | F60: =$D$6 -> 1.5 | G60: =VLOOKUP(C58,'Tie-Down Provision Workings'!$C$10:$AT$69,5,FALSE) -> 662.175 | J60: =IF(K60="Shear",VLOOKUP(C58,'Tie-Down Provision Workings'!$C$10:$AT$69,13,FALSE),VLOOKUP(C58,'Tie-Down Provision Workings'!$C$10:$AT$69,12,FALSE)) -> 5726.08 | K60: =VLOOKUP(C58,'Tie-Down Provision Workings'!$C$10:$AT$69,41,FALSE) -> Shear | L60: =VLOOKUP(C58,'Tie-Down Provision Workings'!$C$10:$AT$69,38,FALSE) -> 33.10875 | M60: =VLOOKUP(C58,'Tie-Down Provision Workings'!$C$10:$AT$69,44,FALSE) -> 172.94763
B61: 16 | C61: =VLOOKUP(B61,'Tie-Down Provision Workings'!$B$10:$AT$69,2,FALSE) -> Rear Roof Access Ladder fastened to rear wall | D61: =VLOOKUP(C61,'Tie-Down Provision Workings'!$C$10:$AT$69,2,FALSE) -> 5 | E61: Longitudinal | F61: =$D$4 -> 4 | G61: =VLOOKUP(C61,'Tie-Down Provision Workings'!$C$10:$AT$69,3,FALSE) -> 196.2 | H61: =VLOOKUP(C61,'Tie-Down Provision Workings'!$C$10:$AT$69,8,FALSE) -> M6 | I61: ='Tie-Down Provision Workings'!S25 -> 8 | J61: =IF(K61="Shear",VLOOKUP(C61,'Tie-Down Provision Workings'!$C$10:$AT$69,13,FALSE),VLOOKUP(C61,'Tie-Down Provision Workings'!$C$10:$AT$69,12,FALSE)) -> 11452.16 | K61: =VLOOKUP(C61,'Tie-Down Provision Workings'!$C$10:$AT$69,39,FALSE) -> Tensile | L61: =VLOOKUP(C61,'Tie-Down Provision Workings'!$C$10:$AT$69,36,FALSE) -> 24.525 | M61: =VLOOKUP(C61,'Tie-Down Provision Workings'!$C$10:$AT$69,42,FALSE) -> 466.95861
E62: Vertical | F62: =$D$5 -> 2 | G62: =VLOOKUP(C61,'Tie-Down Provision Workings'!$C$10:$AT$69,4,FALSE) -> 98.1 | J62: =IF(K62="Shear",VLOOKUP(C61,'Tie-Down Provision Workings'!$C$10:$AT$69,13,FALSE),VLOOKUP(C61,'Tie-Down Provision Workings'!$C$10:$AT$69,12,FALSE)) -> 5726.08 | K62: =VLOOKUP(C61,'Tie-Down Provision Workings'!$C$10:$AT$69,40,FALSE) -> Shear | L62: =VLOOKUP(C61,'Tie-Down Provision Workings'!$C$10:$AT$69,37,FALSE) -> 12.2625 | M62: =VLOOKUP(C61,'Tie-Down Provision Workings'!$C$10:$AT$69,43,FALSE) -> 466.95861
E63: Lateral | F63: =$D$6 -> 1.5 | G63: =VLOOKUP(C61,'Tie-Down Provision Workings'!$C$10:$AT$69,5,FALSE) -> 73.575 | J63: =IF(K63="Shear",VLOOKUP(C61,'Tie-Down Provision Workings'!$C$10:$AT$69,13,FALSE),VLOOKUP(C61,'Tie-Down Provision Workings'!$C$10:$AT$69,12,FALSE)) -> 5726.08 | K63: =VLOOKUP(C61,'Tie-Down Provision Workings'!$C$10:$AT$69,41,FALSE) -> Shear | L63: =VLOOKUP(C61,'Tie-Down Provision Workings'!$C$10:$AT$69,38,FALSE) -> 9.196875 | M63: =VLOOKUP(C61,'Tie-Down Provision Workings'!$C$10:$AT$69,44,FALSE) -> 622.61148
B64: 17 | C64: =VLOOKUP(B64,'Tie-Down Provision Workings'!$B$10:$AT$69,2,FALSE) -> Refuelling Remote Panel fastened to the Utility rack at Outdoor Facilities Area | D64: =VLOOKUP(C64,'Tie-Down Provision Workings'!$C$10:$AT$69,2,FALSE) -> 20 | E64: Longitudinal | F64: =$D$4 -> 4 | G64: =VLOOKUP(C64,'Tie-Down Provision Workings'!$C$10:$AT$69,3,FALSE) -> 784.8 | H64: =VLOOKUP(C64,'Tie-Down Provision Workings'!$C$10:$AT$69,8,FALSE) -> M6 | I64: ='Tie-Down Provision Workings'!S26 -> 4 | J64: =IF(K64="Shear",VLOOKUP(C64,'Tie-Down Provision Workings'!$C$10:$AT$69,13,FALSE),VLOOKUP(C64,'Tie-Down Provision Workings'!$C$10:$AT$69,12,FALSE)) -> 5726.08 | K64: =VLOOKUP(C64,'Tie-Down Provision Workings'!$C$10:$AT$69,39,FALSE) -> Shear | L64: =VLOOKUP(C64,'Tie-Down Provision Workings'!$C$10:$AT$69,36,FALSE) -> 196.2 | M64: =VLOOKUP(C64,'Tie-Down Provision Workings'!$C$10:$AT$69,42,FALSE) -> 29.184913
E65: Vertical | F65: =$D$5 -> 2 | G65: =VLOOKUP(C64,'Tie-Down Provision Workings'!$C$10:$AT$69,4,FALSE) -> 392.4 | J65: =IF(K65="Shear",VLOOKUP(C64,'Tie-Down Provision Workings'!$C$10:$AT$69,13,FALSE),VLOOKUP(C64,'Tie-Down Provision Workings'!$C$10:$AT$69,12,FALSE)) -> 5726.08 | K65: =VLOOKUP(C64,'Tie-Down Provision Workings'!$C$10:$AT$69,40,FALSE) -> Shear | L65: =VLOOKUP(C64,'Tie-Down Provision Workings'!$C$10:$AT$69,37,FALSE) -> 98.1 | M65: =VLOOKUP(C64,'Tie-Down Provision Workings'!$C$10:$AT$69,43,FALSE) -> 58.369827
E66: Lateral | F66: =$D$6 -> 1.5 | G66: =VLOOKUP(C64,'Tie-Down Provision Workings'!$C$10:$AT$69,5,FALSE) -> 294.3 | J66: =IF(K66="Shear",VLOOKUP(C64,'Tie-Down Provision Workings'!$C$10:$AT$69,13,FALSE),VLOOKUP(C64,'Tie-Down Provision Workings'!$C$10:$AT$69,12,FALSE)) -> 11452.16 | K66: =VLOOKUP(C64,'Tie-Down Provision Workings'!$C$10:$AT$69,41,FALSE) -> Tensile | L66: =VLOOKUP(C64,'Tie-Down Provision Workings'!$C$10:$AT$69,38,FALSE) -> 73.575 | M66: =VLOOKUP(C64,'Tie-Down Provision Workings'!$C$10:$AT$69,44,FALSE) -> 155.65287
B67: 18 | C67: =VLOOKUP(B67,'Tie-Down Provision Workings'!$B$10:$AT$69,2,FALSE) -> Manual Pump fastened to the Utility rack at Outdoor Facilities Area | D67: =VLOOKUP(C67,'Tie-Down Provision Workings'!$C$10:$AT$69,2,FALSE) -> 5 | E67: Longitudinal | F67: =$D$4 -> 4 | G67: =VLOOKUP(C67,'Tie-Down Provision Workings'!$C$10:$AT$69,3,FALSE) -> 196.2 | H67: =VLOOKUP(C67,'Tie-Down Provision Workings'!$C$10:$AT$69,8,FALSE) -> M6 | I67: ='Tie-Down Provision Workings'!S27 -> 3 | J67: =IF(K67="Shear",VLOOKUP(C67,'Tie-Down Provision Workings'!$C$10:$AT$69,13,FALSE),VLOOKUP(C67,'Tie-Down Provision Workings'!$C$10:$AT$69,12,FALSE)) -> 5726.08 | K67: =VLOOKUP(C67,'Tie-Down Provision Workings'!$C$10:$AT$69,39,FALSE) -> Shear | L67: =VLOOKUP(C67,'Tie-Down Provision Workings'!$C$10:$AT$69,36,FALSE) -> 65.4 | M67: =VLOOKUP(C67,'Tie-Down Provision Workings'!$C$10:$AT$69,42,FALSE) -> 87.55474
E68: Vertical | F68: =$D$5 -> 2 | G68: =VLOOKUP(C67,'Tie-Down Provision Workings'!$C$10:$AT$69,4,FALSE) -> 98.1 | J68: =IF(K68="Shear",VLOOKUP(C67,'Tie-Down Provision Workings'!$C$10:$AT$69,13,FALSE),VLOOKUP(C67,'Tie-Down Provision Workings'!$C$10:$AT$69,12,FALSE)) -> 5726.08 | K68: =VLOOKUP(C67,'Tie-Down Provision Workings'!$C$10:$AT$69,40,FALSE) -> Shear | L68: =VLOOKUP(C67,'Tie-Down Provision Workings'!$C$10:$AT$69,37,FALSE) -> 32.7 | M68: =VLOOKUP(C67,'Tie-Down Provision Workings'!$C$10:$AT$69,43,FALSE) -> 175.10948
E69: Lateral | F69: =$D$6 -> 1.5 | G69: =VLOOKUP(C67,'Tie-Down Provision Workings'!$C$10:$AT$69,5,FALSE) -> 73.575 | J69: =IF(K69="Shear",VLOOKUP(C67,'Tie-Down Provision Workings'!$C$10:$AT$69,13,FALSE),VLOOKUP(C67,'Tie-Down Provision Workings'!$C$10:$AT$69,12,FALSE)) -> 11452.16 | K69: =VLOOKUP(C67,'Tie-Down Provision Workings'!$C$10:$AT$69,41,FALSE) -> Tensile | L69: =VLOOKUP(C67,'Tie-Down Provision Workings'!$C$10:$AT$69,38,FALSE) -> 24.525 | M69: =VLOOKUP(C67,'Tie-Down Provision Workings'!$C$10:$AT$69,44,FALSE) -> 466.95861
B70: 19 | C70: =VLOOKUP(B70,'Tie-Down Provision Workings'!$B$10:$AT$69,2,FALSE) -> 15m Pneumatic Mast (Left, Right) fastened to the base structure at LOS Mast Compartment | D70: =VLOOKUP(C70,'Tie-Down Provision Workings'!$C$10:$AT$69,2,FALSE) -> 150 | E70: Longitudinal | F70: =$D$4 -> 4 | G70: =VLOOKUP(C70,'Tie-Down Provision Workings'!$C$10:$AT$69,3,FALSE) -> 5886 | H70: =VLOOKUP(C70,'Tie-Down Provision Workings'!$C$10:$AT$69,8,FALSE) -> M10 | I70: ='Tie-Down Provision Workings'!S28 -> 4 | J70: =IF(K70="Shear",VLOOKUP(C70,'Tie-Down Provision Workings'!$C$10:$AT$69,13,FALSE),VLOOKUP(C70,'Tie-Down Provision Workings'!$C$10:$AT$69,12,FALSE)) -> 16733.44 | K70: =VLOOKUP(C70,'Tie-Down Provision Workings'!$C$10:$AT$69,39,FALSE) -> Shear | L70: =VLOOKUP(C70,'Tie-Down Provision Workings'!$C$10:$AT$69,36,FALSE) -> 1471.5 | M70: =VLOOKUP(C70,'Tie-Down Provision Workings'!$C$10:$AT$69,42,FALSE) -> 11.371689
E71: Vertical | F71: =$D$5 -> 2 | G71: =VLOOKUP(C70,'Tie-Down Provision Workings'!$C$10:$AT$69,4,FALSE) -> 2943 | J71: =IF(K71="Shear",VLOOKUP(C70,'Tie-Down Provision Workings'!$C$10:$AT$69,13,FALSE),VLOOKUP(C70,'Tie-Down Provision Workings'!$C$10:$AT$69,12,FALSE)) -> 33466.88 | K71: =VLOOKUP(C70,'Tie-Down Provision Workings'!$C$10:$AT$69,40,FALSE) -> Tensile | L71: =VLOOKUP(C70,'Tie-Down Provision Workings'!$C$10:$AT$69,37,FALSE) -> 735.75 | M71: =VLOOKUP(C70,'Tie-Down Provision Workings'!$C$10:$AT$69,43,FALSE) -> 45.486755
E72: Lateral | F72: =$D$6 -> 1.5 | G72: =VLOOKUP(C70,'Tie-Down Provision Workings'!$C$10:$AT$69,5,FALSE) -> 2207.25 | J72: =IF(K72="Shear",VLOOKUP(C70,'Tie-Down Provision Workings'!$C$10:$AT$69,13,FALSE),VLOOKUP(C70,'Tie-Down Provision Workings'!$C$10:$AT$69,12,FALSE)) -> 16733.44 | K72: =VLOOKUP(C70,'Tie-Down Provision Workings'!$C$10:$AT$69,41,FALSE) -> Shear | L72: =VLOOKUP(C70,'Tie-Down Provision Workings'!$C$10:$AT$69,38,FALSE) -> 551.8125 | M72: =VLOOKUP(C70,'Tie-Down Provision Workings'!$C$10:$AT$69,44,FALSE) -> 30.324503
E74: Ultimate Limit Load (N) | H74: Directly Fastened By
B75: No. | C75: Item | D75: IndividualWeight (kg) | E75: Load Direction | F75: Design Force (G) | G75: Design Limit Load (N) | H75: Fastener Type/Size | I75: Fastener Qty (pc) | J75: Yield Force (N) | K75: Fastener Experienced Force Type | L75: Fastener Experienced Force (N) | M75: Fastener Safety Factor
B76: 20 | C76: =VLOOKUP(B76,'Tie-Down Provision Workings'!$B$10:$AT$69,2,FALSE) -> Mast Compressor (left, Right) fastened to the base structure at LOS Mast Compartment | D76: =VLOOKUP(C76,'Tie-Down Provision Workings'!$C$10:$AT$69,2,FALSE) -> 22 | E76: Longitudinal | F76: =$D$4 -> 4 | G76: =VLOOKUP(C76,'Tie-Down Provision Workings'!$C$10:$AT$69,3,FALSE) -> 863.28 | H76: =VLOOKUP(C76,'Tie-Down Provision Workings'!$C$10:$AT$69,8,FALSE) -> M6 | I76: ='Tie-Down Provision Workings'!S29 -> 4 | J76: =IF(K76="Shear",VLOOKUP(C76,'Tie-Down Provision Workings'!$C$10:$AT$69,13,FALSE),VLOOKUP(C76,'Tie-Down Provision Workings'!$C$10:$AT$69,12,FALSE)) -> 5726.08 | K76: =VLOOKUP(C76,'Tie-Down Provision Workings'!$C$10:$AT$69,39,FALSE) -> Shear | L76: =VLOOKUP(C76,'Tie-Down Provision Workings'!$C$10:$AT$69,36,FALSE) -> 215.82 | M76: =VLOOKUP(C76,'Tie-Down Provision Workings'!$C$10:$AT$69,42,FALSE) -> 26.531739
E77: Vertical | F77: =$D$5 -> 2 | G77: =VLOOKUP(C76,'Tie-Down Provision Workings'!$C$10:$AT$69,4,FALSE) -> 431.64 | J77: =IF(K77="Shear",VLOOKUP(C76,'Tie-Down Provision Workings'!$C$10:$AT$69,13,FALSE),VLOOKUP(C76,'Tie-Down Provision Workings'!$C$10:$AT$69,12,FALSE)) -> 11452.16 | K77: =VLOOKUP(C76,'Tie-Down Provision Workings'!$C$10:$AT$69,40,FALSE) -> Tensile | L77: =VLOOKUP(C76,'Tie-Down Provision Workings'!$C$10:$AT$69,37,FALSE) -> 107.91 | M77: =VLOOKUP(C76,'Tie-Down Provision Workings'!$C$10:$AT$69,43,FALSE) -> 106.12696
E78: Lateral | F78: =$D$6 -> 1.5 | G78: =VLOOKUP(C76,'Tie-Down Provision Workings'!$C$10:$AT$69,5,FALSE) -> 323.73 | J78: =IF(K78="Shear",VLOOKUP(C76,'Tie-Down Provision Workings'!$C$10:$AT$69,13,FALSE),VLOOKUP(C76,'Tie-Down Provision Workings'!$C$10:$AT$69,12,FALSE)) -> 5726.08 | K78: =VLOOKUP(C76,'Tie-Down Provision Workings'!$C$10:$AT$69,41,FALSE) -> Shear | L78: =VLOOKUP(C76,'Tie-Down Provision Workings'!$C$10:$AT$69,38,FALSE) -> 80.9325 | M78: =VLOOKUP(C76,'Tie-Down Provision Workings'!$C$10:$AT$69,44,FALSE) -> 70.751305
B79: 21 | C79: =VLOOKUP(B79,'Tie-Down Provision Workings'!$B$10:$AT$69,2,FALSE) -> EM Mast w/fixed payload (LTE Antennas & Mounting) fastened to the base structure at EM mast compartment | D79: =VLOOKUP(C79,'Tie-Down Provision Workings'!$C$10:$AT$69,2,FALSE) -> 251 | E79: Longitudinal | F79: =$D$4 -> 4 | G79: =VLOOKUP(C79,'Tie-Down Provision Workings'!$C$10:$AT$69,3,FALSE) -> 9849.24 | H79: =VLOOKUP(C79,'Tie-Down Provision Workings'!$C$10:$AT$69,8,FALSE) -> M12 | I79: ='Tie-Down Provision Workings'!S30 -> 4 | J79: =IF(K79="Shear",VLOOKUP(C79,'Tie-Down Provision Workings'!$C$10:$AT$69,13,FALSE),VLOOKUP(C79,'Tie-Down Provision Workings'!$C$10:$AT$69,12,FALSE)) -> 24399.04 | K79: =VLOOKUP(C79,'Tie-Down Provision Workings'!$C$10:$AT$69,39,FALSE) -> Shear | L79: =VLOOKUP(C79,'Tie-Down Provision Workings'!$C$10:$AT$69,36,FALSE) -> 2462.31 | M79: =VLOOKUP(C79,'Tie-Down Provision Workings'!$C$10:$AT$69,42,FALSE) -> 9.9090041
E80: Vertical | F80: =$D$5 -> 2 | G80: =VLOOKUP(C79,'Tie-Down Provision Workings'!$C$10:$AT$69,4,FALSE) -> 4924.62 | J80: =IF(K80="Shear",VLOOKUP(C79,'Tie-Down Provision Workings'!$C$10:$AT$69,13,FALSE),VLOOKUP(C79,'Tie-Down Provision Workings'!$C$10:$AT$69,12,FALSE)) -> 48798.08 | K80: =VLOOKUP(C79,'Tie-Down Provision Workings'!$C$10:$AT$69,40,FALSE) -> Tensile | L80: =VLOOKUP(C79,'Tie-Down Provision Workings'!$C$10:$AT$69,37,FALSE) -> 1231.155 | M80: =VLOOKUP(C79,'Tie-Down Provision Workings'!$C$10:$AT$69,43,FALSE) -> 39.636017
E81: Lateral | F81: =$D$6 -> 1.5 | G81: =VLOOKUP(C79,'Tie-Down Provision Workings'!$C$10:$AT$69,5,FALSE) -> 3693.465 | J81: =IF(K81="Shear",VLOOKUP(C79,'Tie-Down Provision Workings'!$C$10:$AT$69,13,FALSE),VLOOKUP(C79,'Tie-Down Provision Workings'!$C$10:$AT$69,12,FALSE)) -> 24399.04 | K81: =VLOOKUP(C79,'Tie-Down Provision Workings'!$C$10:$AT$69,41,FALSE) -> Shear | L81: =VLOOKUP(C79,'Tie-Down Provision Workings'!$C$10:$AT$69,38,FALSE) -> 923.36625 | M81: =VLOOKUP(C79,'Tie-Down Provision Workings'!$C$10:$AT$69,44,FALSE) -> 26.424011
B82: 22 | C82: =VLOOKUP(B82,'Tie-Down Provision Workings'!$B$10:$AT$69,2,FALSE) -> EM Mast Main Controller fastened to front wall | D82: =VLOOKUP(C82,'Tie-Down Provision Workings'!$C$10:$AT$69,2,FALSE) -> 5 | E82: Longitudinal | F82: =$D$4 -> 4 | G82: =VLOOKUP(C82,'Tie-Down Provision Workings'!$C$10:$AT$69,3,FALSE) -> 196.2 | H82: =VLOOKUP(C82,'Tie-Down Provision Workings'!$C$10:$AT$69,8,FALSE) -> M6 | I82: ='Tie-Down Provision Workings'!S31 -> 6 | J82: =IF(K82="Shear",VLOOKUP(C82,'Tie-Down Provision Workings'!$C$10:$AT$69,13,FALSE),VLOOKUP(C82,'Tie-Down Provision Workings'!$C$10:$AT$69,12,FALSE)) -> 11452.16 | K82: =VLOOKUP(C82,'Tie-Down Provision Workings'!$C$10:$AT$69,39,FALSE) -> Tensile | L82: =VLOOKUP(C82,'Tie-Down Provision Workings'!$C$10:$AT$69,36,FALSE) -> 32.7 | M82: =VLOOKUP(C82,'Tie-Down Provision Workings'!$C$10:$AT$69,42,FALSE) -> 350.21896
E83: Vertical | F83: =$D$5 -> 2 | G83: =VLOOKUP(C82,'Tie-Down Provision Workings'!$C$10:$AT$69,4,FALSE) -> 98.1 | J83: =IF(K83="Shear",VLOOKUP(C82,'Tie-Down Provision Workings'!$C$10:$AT$69,13,FALSE),VLOOKUP(C82,'Tie-Down Provision Workings'!$C$10:$AT$69,12,FALSE)) -> 5726.08 | K83: =VLOOKUP(C82,'Tie-Down Provision Workings'!$C$10:$AT$69,40,FALSE) -> Shear | L83: =VLOOKUP(C82,'Tie-Down Provision Workings'!$C$10:$AT$69,37,FALSE) -> 16.35 | M83: =VLOOKUP(C82,'Tie-Down Provision Workings'!$C$10:$AT$69,43,FALSE) -> 350.21896
E84: Lateral | F84: =$D$6 -> 1.5 | G84: =VLOOKUP(C82,'Tie-Down Provision Workings'!$C$10:$AT$69,5,FALSE) -> 73.575 | J84: =IF(K84="Shear",VLOOKUP(C82,'Tie-Down Provision Workings'!$C$10:$AT$69,13,FALSE),VLOOKUP(C82,'Tie-Down Provision Workings'!$C$10:$AT$69,12,FALSE)) -> 5726.08 | K84: =VLOOKUP(C82,'Tie-Down Provision Workings'!$C$10:$AT$69,41,FALSE) -> Shear | L84: =VLOOKUP(C82,'Tie-Down Provision Workings'!$C$10:$AT$69,38,FALSE) -> 12.2625 | M84: =VLOOKUP(C82,'Tie-Down Provision Workings'!$C$10:$AT$69,44,FALSE) -> 466.95861
B85: 23 | C85: =VLOOKUP(B85,'Tie-Down Provision Workings'!$B$10:$AT$69,2,FALSE) -> EM Mast Handheld Remote Control fastened to front wall | D85: =VLOOKUP(C85,'Tie-Down Provision Workings'!$C$10:$AT$69,2,FALSE) -> 3 | E85: Longitudinal | F85: =$D$4 -> 4 | G85: =VLOOKUP(C85,'Tie-Down Provision Workings'!$C$10:$AT$69,3,FALSE) -> 117.72 | H85: =VLOOKUP(C85,'Tie-Down Provision Workings'!$C$10:$AT$69,8,FALSE) -> M6 | I85: ='Tie-Down Provision Workings'!S32 -> 4 | J85: =IF(K85="Shear",VLOOKUP(C85,'Tie-Down Provision Workings'!$C$10:$AT$69,13,FALSE),VLOOKUP(C85,'Tie-Down Provision Workings'!$C$10:$AT$69,12,FALSE)) -> 11452.16 | K85: =VLOOKUP(C85,'Tie-Down Provision Workings'!$C$10:$AT$69,39,FALSE) -> Tensile | L85: =VLOOKUP(C85,'Tie-Down Provision Workings'!$C$10:$AT$69,36,FALSE) -> 29.43 | M85: =VLOOKUP(C85,'Tie-Down Provision Workings'!$C$10:$AT$69,42,FALSE) -> 389.13218
E86: Vertical | F86: =$D$5 -> 2 | G86: =VLOOKUP(C85,'Tie-Down Provision Workings'!$C$10:$AT$69,4,FALSE) -> 58.86 | J86: =IF(K86="Shear",VLOOKUP(C85,'Tie-Down Provision Workings'!$C$10:$AT$69,13,FALSE),VLOOKUP(C85,'Tie-Down Provision Workings'!$C$10:$AT$69,12,FALSE)) -> 5726.08 | K86: =VLOOKUP(C85,'Tie-Down Provision Workings'!$C$10:$AT$69,40,FALSE) -> Shear | L86: =VLOOKUP(C85,'Tie-Down Provision Workings'!$C$10:$AT$69,37,FALSE) -> 14.715 | M86: =VLOOKUP(C85,'Tie-Down Provision Workings'!$C$10:$AT$69,43,FALSE) -> 389.13218
E87: Lateral | F87: =$D$6 -> 1.5 | G87: =VLOOKUP(C85,'Tie-Down Provision Workings'!$C$10:$AT$69,5,FALSE) -> 44.145 | J87: =IF(K87="Shear",VLOOKUP(C85,'Tie-Down Provision Workings'!$C$10:$AT$69,13,FALSE),VLOOKUP(C85,'Tie-Down Provision Workings'!$C$10:$AT$69,12,FALSE)) -> 5726.08 | K87: =VLOOKUP(C85,'Tie-Down Provision Workings'!$C$10:$AT$69,41,FALSE) -> Shear | L87: =VLOOKUP(C85,'Tie-Down Provision Workings'!$C$10:$AT$69,38,FALSE) -> 11.03625 | M87: =VLOOKUP(C85,'Tie-Down Provision Workings'!$C$10:$AT$69,44,FALSE) -> 518.8429
B88: 24 | C88: =VLOOKUP(B88,'Tie-Down Provision Workings'!$B$10:$AT$69,2,FALSE) -> EM Mast Capacity Bank fastened to front wall | D88: =VLOOKUP(C88,'Tie-Down Provision Workings'!$C$10:$AT$69,2,FALSE) -> 10.8 | E88: Longitudinal | F88: =$D$4 -> 4 | G88: =VLOOKUP(C88,'Tie-Down Provision Workings'!$C$10:$AT$69,3,FALSE) -> 423.792 | H88: =VLOOKUP(C88,'Tie-Down Provision Workings'!$C$10:$AT$69,8,FALSE) -> M6 | I88: ='Tie-Down Provision Workings'!S33 -> 4 | J88: =IF(K88="Shear",VLOOKUP(C88,'Tie-Down Provision Workings'!$C$10:$AT$69,13,FALSE),VLOOKUP(C88,'Tie-Down Provision Workings'!$C$10:$AT$69,12,FALSE)) -> 11452.16 | K88: =VLOOKUP(C88,'Tie-Down Provision Workings'!$C$10:$AT$69,39,FALSE) -> Tensile | L88: =VLOOKUP(C88,'Tie-Down Provision Workings'!$C$10:$AT$69,36,FALSE) -> 105.948 | M88: =VLOOKUP(C88,'Tie-Down Provision Workings'!$C$10:$AT$69,42,FALSE) -> 108.09227
E89: Vertical | F89: =$D$5 -> 2 | G89: =VLOOKUP(C88,'Tie-Down Provision Workings'!$C$10:$AT$69,4,FALSE) -> 211.896 | J89: =IF(K89="Shear",VLOOKUP(C88,'Tie-Down Provision Workings'!$C$10:$AT$69,13,FALSE),VLOOKUP(C88,'Tie-Down Provision Workings'!$C$10:$AT$69,12,FALSE)) -> 5726.08 | K89: =VLOOKUP(C88,'Tie-Down Provision Workings'!$C$10:$AT$69,40,FALSE) -> Shear | L89: =VLOOKUP(C88,'Tie-Down Provision Workings'!$C$10:$AT$69,37,FALSE) -> 52.974 | M89: =VLOOKUP(C88,'Tie-Down Provision Workings'!$C$10:$AT$69,43,FALSE) -> 108.09227
E90: Lateral | F90: =$D$6 -> 1.5 | G90: =VLOOKUP(C88,'Tie-Down Provision Workings'!$C$10:$AT$69,5,FALSE) -> 158.922 | J90: =IF(K90="Shear",VLOOKUP(C88,'Tie-Down Provision Workings'!$C$10:$AT$69,13,FALSE),VLOOKUP(C88,'Tie-Down Provision Workings'!$C$10:$AT$69,12,FALSE)) -> 5726.08 | K90: =VLOOKUP(C88,'Tie-Down Provision Workings'!$C$10:$AT$69,41,FALSE) -> Shear | L90: =VLOOKUP(C88,'Tie-Down Provision Workings'!$C$10:$AT$69,38,FALSE) -> 39.7305 | M90: =VLOOKUP(C88,'Tie-Down Provision Workings'!$C$10:$AT$69,44,FALSE) -> 144.12303
B91: 25 | C91: =VLOOKUP(B91,'Tie-Down Provision Workings'!$B$10:$AT$69,2,FALSE) -> Front Protective Guard fastened to the top beam at Outdoor Facilities Area | D91: =VLOOKUP(C91,'Tie-Down Provision Workings'!$C$10:$AT$69,2,FALSE) -> 6 | E91: Longitudinal | F91: =$D$4 -> 4 | G91: =VLOOKUP(C91,'Tie-Down Provision Workings'!$C$10:$AT$69,3,FALSE) -> 235.44 | H91: =VLOOKUP(C91,'Tie-Down Provision Workings'!$C$10:$AT$69,8,FALSE) -> M6 | I91: ='Tie-Down Provision Workings'!S34 -> 12 | J91: =IF(K91="Shear",VLOOKUP(C91,'Tie-Down Provision Workings'!$C$10:$AT$69,13,FALSE),VLOOKUP(C91,'Tie-Down Provision Workings'!$C$10:$AT$69,12,FALSE)) -> 11452.16 | K91: =VLOOKUP(C91,'Tie-Down Provision Workings'!$C$10:$AT$69,39,FALSE) -> Tensile | L91: =VLOOKUP(C91,'Tie-Down Provision Workings'!$C$10:$AT$69,36,FALSE) -> 19.62 | M91: =VLOOKUP(C91,'Tie-Down Provision Workings'!$C$10:$AT$69,42,FALSE) -> 583.69827
E92: Vertical | F92: =$D$5 -> 2 | G92: =VLOOKUP(C91,'Tie-Down Provision Workings'!$C$10:$AT$69,4,FALSE) -> 117.72 | J92: =IF(K92="Shear",VLOOKUP(C91,'Tie-Down Provision Workings'!$C$10:$AT$69,13,FALSE),VLOOKUP(C91,'Tie-Down Provision Workings'!$C$10:$AT$69,12,FALSE)) -> 5726.08 | K92: =VLOOKUP(C91,'Tie-Down Provision Workings'!$C$10:$AT$69,40,FALSE) -> Shear | L92: =VLOOKUP(C91,'Tie-Down Provision Workings'!$C$10:$AT$69,37,FALSE) -> 9.81 | M92: =VLOOKUP(C91,'Tie-Down Provision Workings'!$C$10:$AT$69,43,FALSE) -> 583.69827
E93: Lateral | F93: =$D$6 -> 1.5 | G93: =VLOOKUP(C91,'Tie-Down Provision Workings'!$C$10:$AT$69,5,FALSE) -> 88.29 | J93: =IF(K93="Shear",VLOOKUP(C91,'Tie-Down Provision Workings'!$C$10:$AT$69,13,FALSE),VLOOKUP(C91,'Tie-Down Provision Workings'!$C$10:$AT$69,12,FALSE)) -> 5726.08 | K93: =VLOOKUP(C91,'Tie-Down Provision Workings'!$C$10:$AT$69,41,FALSE) -> Shear | L93: =VLOOKUP(C91,'Tie-Down Provision Workings'!$C$10:$AT$69,38,FALSE) -> 7.3575 | M93: =VLOOKUP(C91,'Tie-Down Provision Workings'!$C$10:$AT$69,44,FALSE) -> 778.26436
B94: 26 | C94: =VLOOKUP(B94,'Tie-Down Provision Workings'!$B$10:$AT$69,2,FALSE) -> Left Protective Guard fastened to the top beam at Outdoor Facilities Area | D94: =VLOOKUP(C94,'Tie-Down Provision Workings'!$C$10:$AT$69,2,FALSE) -> 6 | E94: Longitudinal | F94: =$D$4 -> 4 | G94: =VLOOKUP(C94,'Tie-Down Provision Workings'!$C$10:$AT$69,3,FALSE) -> 235.44 | H94: =VLOOKUP(C94,'Tie-Down Provision Workings'!$C$10:$AT$69,8,FALSE) -> M8 | I94: ='Tie-Down Provision Workings'!S35 -> 12 | J94: =IF(K94="Shear",VLOOKUP(C94,'Tie-Down Provision Workings'!$C$10:$AT$69,13,FALSE),VLOOKUP(C94,'Tie-Down Provision Workings'!$C$10:$AT$69,12,FALSE)) -> 10509.12 | K94: =VLOOKUP(C94,'Tie-Down Provision Workings'!$C$10:$AT$69,39,FALSE) -> Shear | L94: =VLOOKUP(C94,'Tie-Down Provision Workings'!$C$10:$AT$69,36,FALSE) -> 19.62 | M94: =VLOOKUP(C94,'Tie-Down Provision Workings'!$C$10:$AT$69,42,FALSE) -> 535.63303
E95: Vertical | F95: =$D$5 -> 2 | G95: =VLOOKUP(C94,'Tie-Down Provision Workings'!$C$10:$AT$69,4,FALSE) -> 117.72 | J95: =IF(K95="Shear",VLOOKUP(C94,'Tie-Down Provision Workings'!$C$10:$AT$69,13,FALSE),VLOOKUP(C94,'Tie-Down Provision Workings'!$C$10:$AT$69,12,FALSE)) -> 10509.12 | K95: =VLOOKUP(C94,'Tie-Down Provision Workings'!$C$10:$AT$69,40,FALSE) -> Shear | L95: =VLOOKUP(C94,'Tie-Down Provision Workings'!$C$10:$AT$69,37,FALSE) -> 9.81 | M95: =VLOOKUP(C94,'Tie-Down Provision Workings'!$C$10:$AT$69,43,FALSE) -> 1071.2661
E96: Lateral | F96: =$D$6 -> 1.5 | G96: =VLOOKUP(C94,'Tie-Down Provision Workings'!$C$10:$AT$69,5,FALSE) -> 88.29 | J96: =IF(K96="Shear",VLOOKUP(C94,'Tie-Down Provision Workings'!$C$10:$AT$69,13,FALSE),VLOOKUP(C94,'Tie-Down Provision Workings'!$C$10:$AT$69,12,FALSE)) -> 21018.24 | K96: =VLOOKUP(C94,'Tie-Down Provision Workings'!$C$10:$AT$69,41,FALSE) -> Tensile | L96: =VLOOKUP(C94,'Tie-Down Provision Workings'!$C$10:$AT$69,38,FALSE) -> 7.3575 | M96: =VLOOKUP(C94,'Tie-Down Provision Workings'!$C$10:$AT$69,44,FALSE) -> 2856.7095
B97: 27 | C97: =VLOOKUP(B97,'Tie-Down Provision Workings'!$B$10:$AT$69,2,FALSE) -> Right Protective Guard fastened to the top beam at Outdoor Facilities Area | D97: =VLOOKUP(C97,'Tie-Down Provision Workings'!$C$10:$AT$69,2,FALSE) -> 4 | E97: Longitudinal | F97: =$D$4 -> 4 | G97: =VLOOKUP(C97,'Tie-Down Provision Workings'!$C$10:$AT$69,3,FALSE) -> 156.96 | H97: =VLOOKUP(C97,'Tie-Down Provision Workings'!$C$10:$AT$69,8,FALSE) -> M8 | I97: ='Tie-Down Provision Workings'!S36 -> 8 | J97: =IF(K97="Shear",VLOOKUP(C97,'Tie-Down Provision Workings'!$C$10:$AT$69,13,FALSE),VLOOKUP(C97,'Tie-Down Provision Workings'!$C$10:$AT$69,12,FALSE)) -> 10509.12 | K97: =VLOOKUP(C97,'Tie-Down Provision Workings'!$C$10:$AT$69,39,FALSE) -> Shear | L97: =VLOOKUP(C97,'Tie-Down Provision Workings'!$C$10:$AT$69,36,FALSE) -> 19.62 | M97: =VLOOKUP(C97,'Tie-Down Provision Workings'!$C$10:$AT$69,42,FALSE) -> 535.63303
E98: Vertical | F98: =$D$5 -> 2 | G98: =VLOOKUP(C97,'Tie-Down Provision Workings'!$C$10:$AT$69,4,FALSE) -> 78.48 | J98: =IF(K98="Shear",VLOOKUP(C97,'Tie-Down Provision Workings'!$C$10:$AT$69,13,FALSE),VLOOKUP(C97,'Tie-Down Provision Workings'!$C$10:$AT$69,12,FALSE)) -> 10509.12 | K98: =VLOOKUP(C97,'Tie-Down Provision Workings'!$C$10:$AT$69,40,FALSE) -> Shear | L98: =VLOOKUP(C97,'Tie-Down Provision Workings'!$C$10:$AT$69,37,FALSE) -> 9.81 | M98: =VLOOKUP(C97,'Tie-Down Provision Workings'!$C$10:$AT$69,43,FALSE) -> 1071.2661
E99: Lateral | F99: =$D$6 -> 1.5 | G99: =VLOOKUP(C97,'Tie-Down Provision Workings'!$C$10:$AT$69,5,FALSE) -> 58.86 | J99: =IF(K99="Shear",VLOOKUP(C97,'Tie-Down Provision Workings'!$C$10:$AT$69,13,FALSE),VLOOKUP(C97,'Tie-Down Provision Workings'!$C$10:$AT$69,12,FALSE)) -> 21018.24 | K99: =VLOOKUP(C97,'Tie-Down Provision Workings'!$C$10:$AT$69,41,FALSE) -> Tensile | L99: =VLOOKUP(C97,'Tie-Down Provision Workings'!$C$10:$AT$69,38,FALSE) -> 7.3575 | M99: =VLOOKUP(C97,'Tie-Down Provision Workings'!$C$10:$AT$69,44,FALSE) -> 2856.7095
B100: 28 | C100: =VLOOKUP(B100,'Tie-Down Provision Workings'!$B$10:$AT$69,2,FALSE) -> Lower Guard Front (1, 2) fastened to the front beams at Outdoor Facilities Area | D100: =VLOOKUP(C100,'Tie-Down Provision Workings'!$C$10:$AT$69,2,FALSE) -> 3 | E100: Longitudinal | F100: =$D$4 -> 4 | G100: =VLOOKUP(C100,'Tie-Down Provision Workings'!$C$10:$AT$69,3,FALSE) -> 117.72 | H100: =VLOOKUP(C100,'Tie-Down Provision Workings'!$C$10:$AT$69,8,FALSE) -> M6 | I100: ='Tie-Down Provision Workings'!S37 -> 6 | J100: =IF(K100="Shear",VLOOKUP(C100,'Tie-Down Provision Workings'!$C$10:$AT$69,13,FALSE),VLOOKUP(C100,'Tie-Down Provision Workings'!$C$10:$AT$69,12,FALSE)) -> 11452.16 | K100: =VLOOKUP(C100,'Tie-Down Provision Workings'!$C$10:$AT$69,39,FALSE) -> Tensile | L100: =VLOOKUP(C100,'Tie-Down Provision Workings'!$C$10:$AT$69,36,FALSE) -> 19.62 | M100: =VLOOKUP(C100,'Tie-Down Provision Workings'!$C$10:$AT$69,42,FALSE) -> 583.69827
E101: Vertical | F101: =$D$5 -> 2 | G101: =VLOOKUP(C100,'Tie-Down Provision Workings'!$C$10:$AT$69,4,FALSE) -> 58.86 | J101: =IF(K101="Shear",VLOOKUP(C100,'Tie-Down Provision Workings'!$C$10:$AT$69,13,FALSE),VLOOKUP(C100,'Tie-Down Provision Workings'!$C$10:$AT$69,12,FALSE)) -> 5726.08 | K101: =VLOOKUP(C100,'Tie-Down Provision Workings'!$C$10:$AT$69,40,FALSE) -> Shear | L101: =VLOOKUP(C100,'Tie-Down Provision Workings'!$C$10:$AT$69,37,FALSE) -> 9.81 | M101: =VLOOKUP(C100,'Tie-Down Provision Workings'!$C$10:$AT$69,43,FALSE) -> 583.69827
E102: Lateral | F102: =$D$6 -> 1.5 | G102: =VLOOKUP(C100,'Tie-Down Provision Workings'!$C$10:$AT$69,5,FALSE) -> 44.145 | J102: =IF(K102="Shear",VLOOKUP(C100,'Tie-Down Provision Workings'!$C$10:$AT$69,13,FALSE),VLOOKUP(C100,'Tie-Down Provision Workings'!$C$10:$AT$69,12,FALSE)) -> 5726.08 | K102: =VLOOKUP(C100,'Tie-Down Provision Workings'!$C$10:$AT$69,41,FALSE) -> Shear | L102: =VLOOKUP(C100,'Tie-Down Provision Workings'!$C$10:$AT$69,38,FALSE) -> 7.3575 | M102: =VLOOKUP(C100,'Tie-Down Provision Workings'!$C$10:$AT$69,44,FALSE) -> 778.26436
B103: 29 | C103: =VLOOKUP(B103,'Tie-Down Provision Workings'!$B$10:$AT$69,2,FALSE) -> Lower Guard Left (1, 2) & Lower Guard Right fastened to the side beams at Outdoor Facilities Area | D103: =VLOOKUP(C103,'Tie-Down Provision Workings'!$C$10:$AT$69,2,FALSE) -> 3 | E103: Longitudinal | F103: =$D$4 -> 4 | G103: =VLOOKUP(C103,'Tie-Down Provision Workings'!$C$10:$AT$69,3,FALSE) -> 117.72 | H103: =VLOOKUP(C103,'Tie-Down Provision Workings'!$C$10:$AT$69,8,FALSE) -> M6 | I103: ='Tie-Down Provision Workings'!S38 -> 8 | J103: =IF(K103="Shear",VLOOKUP(C103,'Tie-Down Provision Workings'!$C$10:$AT$69,13,FALSE),VLOOKUP(C103,'Tie-Down Provision Workings'!$C$10:$AT$69,12,FALSE)) -> 5726.08 | K103: =VLOOKUP(C103,'Tie-Down Provision Workings'!$C$10:$AT$69,39,FALSE) -> Shear | L103: =VLOOKUP(C103,'Tie-Down Provision Workings'!$C$10:$AT$69,36,FALSE) -> 14.715 | M103: =VLOOKUP(C103,'Tie-Down Provision Workings'!$C$10:$AT$69,42,FALSE) -> 389.13218
E104: Vertical | F104: =$D$5 -> 2 | G104: =VLOOKUP(C103,'Tie-Down Provision Workings'!$C$10:$AT$69,4,FALSE) -> 58.86 | J104: =IF(K104="Shear",VLOOKUP(C103,'Tie-Down Provision Workings'!$C$10:$AT$69,13,FALSE),VLOOKUP(C103,'Tie-Down Provision Workings'!$C$10:$AT$69,12,FALSE)) -> 11452.16 | K104: =VLOOKUP(C103,'Tie-Down Provision Workings'!$C$10:$AT$69,40,FALSE) -> Tensile | L104: =VLOOKUP(C103,'Tie-Down Provision Workings'!$C$10:$AT$69,37,FALSE) -> 7.3575 | M104: =VLOOKUP(C103,'Tie-Down Provision Workings'!$C$10:$AT$69,43,FALSE) -> 1556.5287
...
